time,average_xi,average_xv,left_jix,left_jvx,right_jix,right_jvx,total_ci,total_cv,xDi,xDv
0,0,0,0,0,0,0,0,0,0,0
25.958682112,1.7116278838794e-14,3.5817371040968e-05,-3.6746785602169e-15,7.7957508439228e-09,3.6746742066384e-15,-7.7962386361296e-09,3.4232557677588e-10,0.71634742081935,1,1
186.68799962237,1.005305836329e-13,3.5817439140424e-05,-8.8638217893135e-15,2.923431195067e-09,8.8638217872097e-15,-2.9234277080289e-09,2.0106116726581e-09,0.71634878280847,1,1
1181.8815689988,2.4861415760058e-13,3.5817599716468e-05,-1.2984061655952e-14,1.1628945981623e-09,1.2984061653545e-14,-1.1628940836949e-09,4.9722831520116e-09,0.71635199432936,1,1
7343.8578398454,2.588565926374e-13,3.5817972592999e-05,-1.2949268105678e-14,4.6709624728736e-10,1.2949268105483e-14,-4.6709621104112e-10,5.177131852748e-09,0.71635945185997,1,1
45497.190750011,2.5885345178955e-13,3.5818750225252e-05,-1.294798008752e-14,1.8901563389413e-10,1.2947980087507e-14,-1.8901563151566e-10,5.1770690357909e-09,0.71637500450504,1,1
281732.57176583,2.5884592958893e-13,3.5819794949524e-05,-1.2947390189611e-14,7.9329544703263e-11,1.294739018961e-14,-7.9329544425437e-11,5.1769185917786e-09,0.71639589899047,1,1
327584.18076097,2.5884551630147e-13,3.5819852546386e-05,-1.3113352633847e-14,7.2962729621658e-11,1.3113352633846e-14,-7.2962729418371e-11,5.1769103260295e-09,0.71639705092772,1,1
