time,average_xi,average_xv,left_jix,left_jvx,right_jix,right_jvx,total_ci,total_cv
0,0,0,0,0,0,0,0,0
25.958682112,2.1807162483941e-16,3.753448298948e-11,-5.2558186611112e-17,-1.4547723318735e-16,5.2754803505043e-17,1.4547791917257e-16,1.090358124197e-14,1.876724149474e-09
186.68799962237,1.0052190603741e-15,3.7535129533623e-11,-1.3711301840384e-16,-1.4650270254175e-16,1.3713296914308e-16,1.4650335639805e-16,5.0260953018703e-14,1.8767564766812e-09
1181.8815689988,1.8709256398138e-15,3.7539315435659e-11,-2.2255100288525e-16,-1.1955709736193e-16,2.2255122361914e-16,1.195569623396e-16,9.3546281990692e-14,1.876965771783e-09
7343.8578398454,1.8802328850555e-15,3.7578836637806e-11,-2.2458746933981e-16,-6.6990355604965e-17,2.2458769456311e-16,6.7171663503618e-17,9.4011644252774e-14,1.8789418318903e-09
45497.190750011,1.880406798669e-15,3.7874694346641e-11,-2.245872904466e-16,-4.7211628093821e-17,2.2458727187962e-16,5.3318750407416e-17,9.4020339933448e-14,1.8937347173321e-09
281732.57176583,1.8803794939386e-15,3.9549317087646e-11,-2.2458736856364e-16,-8.528189604138e-17,2.2458736312496e-16,8.7598561387868e-17,9.4018974696931e-14,1.9774658543823e-09
1744439.784661,1.8805597278499e-15,4.5311297586961e-11,-2.2458734227966e-16,-1.9122218687847e-16,2.2458734027656e-16,1.9123843022431e-16,9.4027986392494e-14,2.2655648793481e-09
10801137.310052,1.8805808141175e-15,4.8404176147306e-11,-2.2458733567987e-16,-2.4647569293566e-16,2.2458733567984e-16,2.4647569049615e-16,9.4029040705874e-14,2.4202088073653e-09
