time,average_xi,average_xv,left_jix,left_jvx,right_jix,right_jvx,total_ci,total_cv,xDi,xDv
0,0,0,0,0,0,0,0,0,0,0
25.958682112,9.1821104518571e-17,3.7367625806342e-11,-1.6816692299776e-17,-2.9281245068238e-16,2.5370907078726e-18,2.6123438735876e-17,4.5910552259286e-15,1.8683812903171e-09,1,0.000181
186.68799962237,4.1330059855892e-16,3.736718917031e-11,-6.080178416852e-17,-2.6038059935194e-16,1.7380174895399e-17,2.5695816284584e-17,2.0665029927946e-14,1.8683594585155e-09,1,0.000181
1181.8815689988,7.7466624757204e-16,3.7367901736483e-11,-9.7669176275002e-17,-6.6999817216372e-17,5.1837405297005e-17,2.3606783099845e-17,3.8733312378602e-14,1.8683950868241e-09,1,0.000181
7343.8578398454,7.7893357821875e-16,3.7384389265365e-11,-9.8083377183185e-17,-3.2643242853801e-17,5.2246322042468e-17,1.678388414656e-17,3.8946678910938e-14,1.8692194632682e-09,1,0.000181
45497.190750011,7.7894860532797e-16,3.750536863671e-11,-9.808521477854e-17,-2.2086407336244e-17,5.2246750381716e-17,7.3709830400228e-18,3.8947430266398e-14,1.8752684318355e-09,1,0.000181
281732.57176583,7.7900561571868e-16,3.8271690405781e-11,-9.8097003032344e-17,-3.696575850911e-17,5.2249582352752e-17,6.0297071512831e-18,3.8950280785934e-14,1.9135845202891e-09,1,0.000181
1744439.784661,7.7901616454015e-16,4.1081644013515e-11,-9.808952370092e-17,-1.0038453112318e-16,5.2252837261176e-17,4.1001478942503e-17,3.8950808227008e-14,2.0540822006758e-09,1,0.000181
10801137.310052,7.7912413987725e-16,4.2600505736026e-11,-9.8095827244045e-17,-1.2760652575217e-16,5.226671924395e-17,6.802858625922e-17,3.8956206993863e-14,2.1300252868013e-09,1,0.000181
