time,average_xi,average_xv,left_jix,left_jvx,right_jix,right_jvx,total_ci,total_cv,xDi,xDv
0,0,0,0,0,0,0,0,0,0,0
25.958682112,2.1590881095337e-14,1.1817361671446e-05,-4.6024648851768e-15,2.9931281662659e-09,4.6024361797232e-15,-2.9922805010502e-09,2.1590881095337e-10,0.11817361671446,1,0.50045495772276
186.68799962237,1.4717606612939e-13,1.1817414714892e-05,-1.2238930466326e-14,1.1230400353683e-09,1.2238929565075e-14,-1.1230081833079e-09,1.4717606612939e-09,0.11817414714892,1,0.50045495772276
1181.8815689988,6.8928169000346e-13,1.1817542591159e-05,-2.5660089864167e-14,4.4670184981845e-10,2.5660089804224e-14,-4.4669994752843e-10,6.8928169000346e-09,0.11817542591159,1,0.50045495772276
7343.8578398454,1.274238584057e-12,1.1817854735437e-05,-3.2428925193669e-14,1.7926296443326e-10,3.242892517927e-14,-1.7926284264881e-10,1.274238584057e-08,0.11817854735437,1,0.50045495772276
45497.190750011,1.2794887428944e-12,1.1818605834317e-05,-3.2431885619439e-14,7.2157686733754e-11,3.2431885618227e-14,-7.2157678847485e-11,1.2794887428944e-08,0.11818605834317,1,0.50045495772277
281732.57176583,1.2793029297221e-12,1.1820336338015e-05,-3.2425439952147e-14,2.9359986091154e-11,3.2425439952063e-14,-2.9359985569755e-11,1.2793029297221e-08,0.11820336338015,1,0.50045495772277
1143428.3845627,1.2790197063813e-12,1.1822949313237e-05,-3.2629819000565e-14,1.5015351205598e-11,3.2629819000555e-14,-1.5015351142861e-11,1.2790197063813e-08,0.11822949313237,1,0.50045495772274
1155672.1237523,1.2790154793095e-12,1.182298640151e-05,-3.2627803861492e-14,1.4912986196097e-11,3.2627803861482e-14,-1.4912986135055e-11,1.2790154793095e-08,0.1182298640151,1,0.50045495772274
