time,average_xi,average_xv,left_jix,left_jvx,right_jix,right_jvx,total_ci,total_cv
0,0,0,0,0,0,0,0,0
25.958682112,2.1805674868135e-16,8.7060982057051e-09,-5.3661426241105e-17,-4.2328674419594e-13,5.3828045053101e-17,4.2329184218226e-13,1.0902837434067e-14,4.3530491028525e-07
186.68799962237,1.0051557165824e-15,8.7039415998259e-09,-1.3823809844155e-16,-2.4421978945446e-13,1.3822903704427e-16,2.4427866717861e-13,5.0257785829118e-14,4.351970799913e-07
1181.8815689988,1.8710212163893e-15,8.6982164674671e-09,-2.2365728651531e-16,-8.8562832957823e-14,2.2365646861588e-16,9.7810248846528e-14,9.3551060819463e-14,4.3491082337335e-07
7343.8578398454,1.8803621581107e-15,8.6839418209377e-09,-2.2343772592225e-16,-3.4043823435906e-14,2.2344080056667e-16,3.8004176832973e-14,9.4018107905537e-14,4.3419709104688e-07
45497.190750011,1.8804097533152e-15,8.6488616858044e-09,-2.2344274932577e-16,-8.9233673187524e-15,2.2344274914094e-16,9.0474835975485e-15,9.402048766576e-14,4.3244308429022e-07
281732.57176583,1.8804321583085e-15,8.6230239269268e-09,-2.24572465184e-16,4.9734110370377e-15,2.2457246531846e-16,-4.9734091926479e-15,9.4021607915424e-14,4.3115119634634e-07
709996.78816317,1.8804324157545e-15,8.6230579501914e-09,-2.2457249311997e-16,4.9550387175886e-15,2.2457249311998e-16,-4.9550387219701e-15,9.4021620787726e-14,4.3115289750957e-07
