time,average_xi,average_xv,left_jix,left_jvx,right_jix,right_jvx,total_ci,total_cv,xDi,xDv
0,0,0,0,0,0,0,0,0,0,0
25.958682112,1.7064928575585e-14,3.5817659025027e-05,-3.6746729762407e-15,7.7951608507942e-09,3.6746784192666e-15,-7.7957508435569e-09,4.2662321438961e-11,0.089544147562569,1,1
186.68799962237,9.9846766526076e-14,3.5818210781518e-05,-8.8638216635644e-15,2.9233965640911e-09,8.8638218825996e-15,-2.9234311953787e-09,2.4961691631519e-10,0.089545526953794,1,1
1181.8815689988,2.4542365774603e-13,3.5819541143392e-05,-1.2984067237994e-14,1.1628924121939e-09,1.2984067195417e-14,-1.1628946271105e-09,6.1355914436508e-10,0.08954885285848,1,1
7343.8578398454,2.552893675056e-13,3.5822813827405e-05,-1.2949268219363e-14,4.6709610760146e-10,1.2949268217761e-14,-4.6709625211883e-10,6.38223418764e-10,0.089557034568512,1,1
45497.190750011,2.5523423965585e-13,3.5830828896773e-05,-1.2947980089646e-14,1.8901562688747e-10,1.2947980089697e-14,-1.8901563621839e-10,6.3808559913963e-10,0.089577072241932,1,1
281732.57176583,2.5509376751278e-13,3.5850269751258e-05,-1.2947538778467e-14,7.8717184144952e-11,1.294753877847e-14,-7.8717184754816e-11,6.3773441878195e-10,0.089625674378146,1,1
567385.09718899,2.5499603320422e-13,3.5863802588337e-05,-1.2947239106094e-14,5.0618357487313e-11,1.2947239106094e-14,-5.0618357480537e-11,6.3749008301056e-10,0.089659506470844,1,1
567917.69966344,2.5499580722125e-13,3.5863828067392e-05,-1.2947238463182e-14,5.0568592519504e-11,1.2947238463182e-14,-5.0568592512728e-11,6.3748951805312e-10,0.089659570168481,1,1
