time,error,jx_l,jx_r
0,0,0,0
1,5.790903629117e-14,-0.99999999999977,-1.0000000000014
