time,average_xi,average_xv,left_jix,left_jvx,right_jix,right_jvx,total_ci,total_cv
0,0,0,0,0,0,0,0,0
25.958682112,1.9866322247984e-13,8.7063351980775e-09,-5.0945775409529e-14,-4.2621279099913e-13,5.0978357706668e-14,4.2621788906323e-13,9.933161123992e-12,4.3531675990388e-07
186.68799962237,9.9584535746156e-13,8.7056136456486e-09,-1.3730621259119e-13,-2.5368186650426e-13,1.3731549203768e-13,2.5374752508467e-13,4.9792267873078e-11,4.3528068228243e-07
1181.8815689988,1.8729047886642e-12,8.7082993815058e-09,-2.2385326923876e-13,-1.1397764638911e-13,2.2385299457947e-13,1.2322478279856e-13,9.3645239433212e-11,4.3541496907529e-07
7343.8578398454,1.8823725099854e-12,8.7388543869864e-09,-2.2478007656766e-13,-9.9051202445625e-14,2.2478009937767e-13,1.0301362282325e-13,9.411862549927e-11,4.3694271934932e-07
45497.190750011,1.8824832850102e-12,8.8711871062879e-09,-2.2477974627855e-13,-1.6882940928741e-13,2.2477976506473e-13,1.6895407475188e-13,9.4124164250512e-11,4.435593553144e-07
281732.57176583,1.8825035866707e-12,8.9747897049498e-09,-2.2477965877243e-13,-2.2484703604739e-13,2.2477965877248e-13,2.2484703796308e-13,9.4125179333537e-11,4.4873948524749e-07
940007.9314546,1.8825035893986e-12,8.9746639141873e-09,-2.2477965902453e-13,-2.2477910197457e-13,2.2477965902453e-13,2.247791019741e-13,9.412517946993e-11,4.4873319570937e-07
