x,Ci,Cv,Ji,Cv,Di,Dv,Zi,Zv,rho,rho,ki,kv
5.0,1.2223342566695e-12,6.7902278452225e-09,5.2258888503709e-14,5.2258887440349e-14,1.0,0.000181,0.04275335344531621,0.04252038983238149,1.527887453682195e+25,1.527887453682195e+25,6.532231233193908e+23,6.496637015057165e+23
5.0,1.2223308050301e-12,7.1278893552619e-09,5.2258712926364e-14,5.4871833043964e-14,1.0,0.000181,0.04275333053156353,0.04253142599101098,1.527887453682195e+25,1.527887453682195e+25,6.532227732230384e+23,6.498323215887849e+23
