x,Ci_Center,Cv_center,Fi,Fv,Di,Dv,Zi,Zv,rho,rho,ki,kv
5000.0,3.7605648808046e-11,2.078163468417e-07,4.727803580428142e-06,4.727953968877505e-06,1.0,0.000181,125720.56939000596,125694.11907538463,1.909859317102744e-12,1.909859317102744e-12,2.4010860080096494e-07,2.400580844211451e-07
