x,Ci,Cv,Ji,Cv,Di,Dv,Zi,Zv,rho,rho,ki,kv
5000.0,3.7605648808046e-11,2.078163468417e-07,1.5049066195854e-14,1.5049544897156e-14,1.0,0.000181,0.00040018100133494154,0.00040009680736857517,1.909859317102744e-12,1.909859317102744e-12,7.642894139270437e-16,7.641286152959351e-16
