time,average_xi,average_xv,left_jix,left_jvx,right_jix,right_jvx,total_ci,total_cv,xDi,xDv
0,0,0,0,0,0,0,0,0,0,0
25.958682112,2.1808417232378e-16,3.7534472112647e-11,-5.2560437496449e-17,-1.4547237859056e-16,5.2757294870284e-17,1.4547306457733e-16,1.0904208616189e-14,1.8767236056324e-09,1,0.000181
186.68799962237,1.0055787164274e-15,3.7535051417321e-11,-1.3715121223179e-16,-1.4647084003322e-16,1.3717117086157e-16,1.4647149389116e-16,5.0278935821372e-14,1.876752570866e-09,1,0.000181
1181.8815689988,1.8729136547154e-15,3.7538824372002e-11,-2.2274993392635e-16,-1.1941888973632e-16,2.2275013980948e-16,1.1941875471435e-16,9.364568273577e-14,1.8769412186001e-09,1,0.000181
7343.8578398454,1.8823115027584e-15,3.7575847063691e-11,-2.2479537334611e-16,-6.6490662597839e-17,2.2479557569131e-16,6.6671961201258e-17,9.4115575137918e-14,1.8787923531845e-09,1,0.000181
45497.190750011,1.882488686531e-15,3.7857167332206e-11,-2.2479529667479e-16,-4.5895355164315e-17,2.2479539401377e-16,5.2002690650561e-17,9.4124434326548e-14,1.8928583666103e-09,1,0.000181
281732.57176583,1.8824612753497e-15,3.9456212210358e-11,-2.2479528376294e-16,-8.1935147820387e-17,2.2479528949036e-16,8.4252166477751e-17,9.4123063767484e-14,1.9728106105179e-09,1,0.000181
1744439.784661,1.8826404326244e-15,4.4966861427225e-11,-2.2479527098233e-16,-1.8325052075198e-16,2.2479526955325e-16,1.832666352334e-16,9.4132021631219e-14,2.2483430713613e-09,1,0.000181
10801137.310052,1.8826601760414e-15,4.7930461511937e-11,-2.2479526766168e-16,-2.3619493808199e-16,2.2479526766165e-16,2.3619493567747e-16,9.4133008802071e-14,2.3965230755968e-09,1,0.000181
