time,average_xi,average_xv,left_jix,left_jvx,right_jix,right_jvx,total_ci,total_cv
0,0,0,0,0,0,0,0,0
25.958682112,1.986522336176e-13,8.7063529746999e-09,-5.0943791308777e-14,-4.2643261058782e-13,5.0976372368035e-14,4.2643770865431e-13,9.9326116808799e-12,4.35317648735e-07
186.68799962237,9.9549337518424e-13,8.7057390669529e-09,-1.3726875881696e-13,-2.5439243126469e-13,1.3727804155554e-13,2.5445809227513e-13,4.9774668759212e-11,4.3528695334765e-07
1181.8815689988,1.8709170284019e-12,8.70905566989e-09,-2.2365460149761e-13,-1.158864614208e-13,2.2365415969637e-13,1.2513334319958e-13,9.3545851420093e-11,4.354527834945e-07
7343.8578398454,1.8802920816968e-12,8.7429701420114e-09,-2.2457223385923e-13,-1.0393139178162e-13,2.2457234433309e-13,1.0789309978232e-13,9.401460408484e-11,4.3714850710057e-07
45497.190750011,1.8804178931372e-12,8.8877841467715e-09,-2.2457181010473e-13,-1.8078728687367e-13,2.245718216273e-13,1.8091161542208e-13,9.4020894656861e-11,4.4438920733857e-07
281732.57176583,1.8804240054515e-12,9.0008468881267e-09,-2.2457170818553e-13,-2.4191396149912e-13,2.2457170818561e-13,2.4191396362881e-13,9.4021200272575e-11,4.5004234440633e-07
940007.9314546,1.8804240084728e-12,9.0007069661048e-09,-2.245717084647e-13,-2.4183839579444e-13,2.245717084647e-13,2.41838395794e-13,9.4021200423641e-11,4.5003534830524e-07
