time,average_xi,average_xv,left_jix,left_jvx,right_jix,right_jvx,total_ci,total_cv
0,0,0,0,0,0,0,0,0
25.958682112,2.1805674868234e-16,8.7060981941136e-09,-5.3661426254839e-17,-4.2328660106527e-13,5.3828045051736e-17,4.2329169905159e-13,1.0902837434117e-14,4.3530490970568e-07
186.68799962237,1.0051557166483e-15,8.7039415180431e-09,-1.3823809844909e-16,-2.442193266209e-13,1.3822903700504e-16,2.4427820434462e-13,5.0257785832415e-14,4.3519707590215e-07
1181.8815689988,1.8710212145729e-15,8.6982159742803e-09,-2.2365728589342e-16,-8.8561589766145e-14,2.2365646844597e-16,9.7809005651953e-14,9.3551060728643e-14,4.3491079871401e-07
7343.8578398454,1.8803621306735e-15,8.6839391351188e-09,-2.2343772309913e-16,-3.4040698340294e-14,2.2344079762908e-16,3.8001051736982e-14,9.4018106533676e-14,4.3419695675594e-07
45497.190750011,1.8804097534242e-15,8.6488508142687e-09,-2.2344274933571e-16,-8.9156024022979e-15,2.2344274915092e-16,9.0397186814561e-15,9.4020487671209e-14,4.3244254071344e-07
281732.57176583,1.8804321570532e-15,8.6230067356897e-09,-2.2457246505955e-16,4.9846444772717e-15,2.2457246519449e-16,-4.9846426379151e-15,9.4021607852659e-14,4.3115033678448e-07
709996.78816317,1.8804324161778e-15,8.6230407670403e-09,-2.2457249315967e-16,4.9662678041789e-15,2.2457249315967e-16,-4.9662678086328e-15,9.4021620808891e-14,4.3115203835201e-07
