time,average_xi,average_xv,left_jix,left_jvx,right_jix,right_jvx,total_ci,total_cv,xDi,xDv
0,0,0,0,0,0,0,0,0,0,0
25.958682112,9.1821104510859e-17,3.7367641405176e-11,-1.6816692299489e-17,-2.9281799104917e-16,2.5370907078663e-18,2.6123438736327e-17,4.591055225543e-15,1.8683820702588e-09,1,0.000181
186.68799962237,4.1330059856678e-16,3.7367301329401e-11,-6.0801784168428e-17,-2.6043326513831e-16,1.7380174895109e-17,2.5695816287845e-17,2.0665029928339e-14,1.86836506647e-09,1,0.000181
1181.8815689988,7.7466624563316e-16,3.7368609689131e-11,-9.7669176091118e-17,-6.7186701193169e-17,5.1837405094463e-17,2.3606783112962e-17,3.8733312281658e-14,1.8684304844566e-09,1,0.000181
7343.8578398454,7.7893357798125e-16,3.7388755204552e-11,-9.8083377159916e-17,-3.3178747192696e-17,5.2246322021329e-17,1.6783884424202e-17,3.8946678899062e-14,1.8694377602276e-09,1,0.000181
45497.190750011,7.7894994104216e-16,3.7531890084052e-11,-9.8085970482759e-17,-2.351262140838e-17,5.2246811693674e-17,7.3710650057308e-18,3.8947497052108e-14,1.8765945042026e-09,1,0.000181
281732.57176583,7.7900571072639e-16,3.8424936870924e-11,-9.8097000051013e-17,-4.1871034951563e-17,5.2249608090752e-17,6.2092603428279e-18,3.8950285536319e-14,1.9212468435462e-09,1,0.000181
1744439.784661,7.7902458881189e-16,4.1694844698101e-11,-9.8090015891935e-17,-1.1556418976919e-16,5.2253953622582e-17,4.7046261188713e-17,3.8951229440594e-14,2.084742234905e-09,1,0.000181
10801137.310052,7.7912413126182e-16,4.3462167386642e-11,-9.8095826366574e-17,-1.4723911200485e-16,5.2266718541836e-17,7.8495334343388e-17,3.8956206563091e-14,2.1731083693321e-09,1,0.000181
