time,average_xi,average_xv,left_jix,left_jvx,right_jix,right_jvx,total_ci,total_cv
0,0,0,0,0,0,0,0,0
25.958682112,2.1807162475851e-16,3.7534471337127e-11,-5.2558186594829e-17,-1.4547203488077e-16,5.2754803496412e-17,1.4547272086547e-16,1.0903581237925e-14,1.8767235668564e-09
186.68799962237,1.005219060136e-15,3.7535045845874e-11,-1.3711301863241e-16,-1.4646857919134e-16,1.3713296900252e-16,1.464692330471e-16,5.02609530068e-14,1.8767522922937e-09
1181.8815689988,1.8709256492779e-15,3.7538789343823e-11,-2.2255100388843e-16,-1.1940906390205e-16,2.2255122643811e-16,1.1940892887991e-16,9.3546282463896e-14,1.8769394671912e-09
7343.8578398454,1.8802328851167e-15,3.7575633689226e-11,-2.2458746934614e-16,-6.6455192520355e-17,2.2458769456935e-16,6.6636489167054e-17,9.4011644255833e-14,1.8787816844613e-09
45497.190750011,1.8804097204147e-15,3.7855910781246e-11,-2.2458737865186e-16,-4.5801867020199e-17,2.2458748759615e-16,5.1908982979752e-17,9.4020486020735e-14,1.8927955390623e-09
281732.57176583,1.8803809772053e-15,3.9449346433177e-11,-2.2458737017275e-16,-8.1692355172634e-17,2.2458738369383e-16,8.4008821521553e-17,9.4019048860263e-14,1.9724673216589e-09
1744439.784661,1.8805611360143e-15,4.493791377478e-11,-2.2458734225699e-16,-1.8260265142998e-16,2.2458734075613e-16,1.8261871435124e-16,9.4028056800717e-14,2.246895688739e-09
10801137.310052,1.8805808256292e-15,4.7884236537143e-11,-2.2458733675425e-16,-2.3523842788486e-16,2.2458733675422e-16,2.3523842548401e-16,9.4029041281462e-14,2.3942118268572e-09
