time,average_xi,average_xv,left_jix,left_jvx,right_jix,right_jvx,total_ci,total_cv
0,0,0,0,0,0,0,0,0
25.958682112,1.9865223320562e-13,8.7063297916831e-09,-5.0943791241193e-14,-4.2614634934831e-13,5.0976372325722e-14,4.2615144740767e-13,9.9326116602809e-12,4.3531648958416e-07
186.68799962237,9.9549337667056e-13,8.7055755013167e-09,-1.372687590168e-13,-2.5346676412947e-13,1.3727804166491e-13,2.5353242151174e-13,4.9774668833528e-11,4.3527877506583e-07
1181.8815689988,1.8709176273332e-12,8.7080692968135e-09,-2.2365440666295e-13,-1.1340007648471e-13,2.2365414610549e-13,1.2264695262215e-13,9.354588136666e-11,4.3540346484067e-07
7343.8578398454,1.8802932766823e-12,8.7375984558369e-09,-2.2457240719526e-13,-9.7570703225981e-14,2.2457238056834e-13,1.015324208711e-13,9.4014663834115e-11,4.3687992279184e-07
45497.190750011,1.8804044503487e-12,8.8660374874582e-09,-2.2457186275595e-13,-1.6514426954812e-13,2.2457188163222e-13,1.6526871558915e-13,9.4020222517435e-11,4.4330187437291e-07
281732.57176583,1.8804247708684e-12,8.9664640488866e-09,-2.2457177962185e-13,-2.1944685317523e-13,2.2457177962189e-13,2.1944685505515e-13,9.4021238543418e-11,4.4832320244433e-07
900236.54271857,1.8804247735699e-12,8.9663394016028e-09,-2.2457177987153e-13,-2.1937953664909e-13,2.2457177987153e-13,2.1937953664862e-13,9.4021238678497e-11,4.4831697008014e-07
