time,average_xi,average_xv,left_jix,left_jvx,right_jix,right_jvx,total_ci,total_cv,xDi,xDv
0,0,0,0,0,0,0,0,0,0,0
25.958682112,2.17066173903e-16,3.7367873198265e-11,-5.2392492411275e-17,-2.9294239645848e-16,5.0187604424283e-17,2.6203804906849e-17,1.085330869515e-14,1.8683936599133e-09,1,0.000181
186.68799962237,1.0052626949717e-15,3.7368966838354e-11,-1.3822539997631e-16,-2.6161585139037e-16,1.3488858994393e-16,2.625710475416e-17,5.0263134748587e-14,1.8684483419177e-09,1,0.000181
1181.8815689988,1.8733049760184e-15,3.7379079908593e-11,-2.2387759076165e-16,-7.1383368284375e-17,2.2274815816924e-16,2.7674015367919e-17,9.3665248800922e-14,1.8689539954297e-09,1,0.000181
7343.8578398454,1.8826382171652e-15,3.7452102278572e-11,-2.2479531954936e-16,-4.5210164401749e-17,2.2479560147164e-16,3.2897449720638e-17,9.4131910858259e-14,1.8726051139286e-09,1,0.000181
45497.190750011,1.8825193139117e-15,3.7896528026996e-11,-2.2479529783846e-16,-5.510946690712e-17,2.2479529792755e-16,4.9684548309136e-17,9.4125965695583e-14,1.8948264013498e-09,1,0.000181
281732.57176583,1.8824691368642e-15,4.0274862264426e-11,-2.247952409268e-16,-1.1277517195048e-16,2.2479522388825e-16,1.1255653618465e-16,9.412345684321e-14,2.0137431132213e-09,1,0.000181
1744439.784661,1.8826347240049e-15,4.8303913132436e-11,-2.2479526452159e-16,-2.6041868264917e-16,2.247952645082e-16,2.6041864707773e-16,9.4131736200245e-14,2.4151956566218e-09,1,0.000181
10801137.310052,1.8826600732091e-15,5.2615182666114e-11,-2.2479525804719e-16,-3.374255895202e-16,2.247952580462e-16,3.374255895185e-16,9.4133003660455e-14,2.6307591333057e-09,1,0.000181
