time,average_xi,average_xv,left_jix,left_jvx,right_jix,right_jvx,total_ci,total_cv
0,0,0,0,0,0,0,0,0
25.958682112,2.1806996720081e-16,8.7061036004352e-09,-5.3663720656205e-17,-4.2335304200132e-13,5.3830363069946e-17,4.2335813999239e-13,1.0903498360041e-14,4.3530518002176e-07
186.68799962237,1.0055156935861e-15,8.703979658714e-09,-1.3827634137045e-16,-2.4443441375937e-13,1.3826729764342e-16,2.4449329202408e-13,5.0275784679306e-14,4.351989829357e-07
1181.8815689988,1.8730069102906e-15,8.698445921074e-09,-2.2385919379864e-16,-8.9138913413737e-14,2.2385978931947e-16,9.8386591915391e-14,9.3650345514529e-14,4.349222960537e-07
7343.8578398454,1.8824447294577e-15,8.6851905472495e-09,-2.2477577136438e-16,-3.5506594176943e-14,2.247778422879e-16,3.9468841415476e-14,9.4122236472886e-14,4.3425952736248e-07
45497.190750011,1.8825001061044e-15,8.6539026138776e-09,-2.2365063222075e-16,-1.2519233706598e-14,2.2365063087587e-16,1.2643526935838e-14,9.4125005305219e-14,4.3269513069388e-07
281732.57176583,1.8825112573796e-15,8.6309553790193e-09,-2.2478037648688e-16,-2.0921891700951e-16,2.2478037648785e-16,2.0922078949887e-16,9.412556286898e-14,4.3154776895096e-07
650468.48522781,1.8825112579092e-15,8.630984611658e-09,-2.2478037476168e-16,-2.2500643086669e-16,2.2478037476167e-16,2.2500643322039e-16,9.412556289546e-14,4.315492305829e-07
