time,average_xi,average_xv,left_jix,left_jvx,right_jix,right_jvx,total_ci,total_cv,xDi,xDv
0,0,0,0,0,0,0,0,0,0,0
25.958682112,1.7120451727221e-14,3.581729510485e-05,-3.5142249012184e-15,7.775955763343e-09,3.5142249012184e-15,-7.775955763343e-09,6.8481806908886e-10,1.432691804194,1,1
186.68799962237,1.0057942995062e-13,3.5817328653287e-05,-8.6985519857989e-15,2.9224772764145e-09,8.6985519857989e-15,-2.9224772764145e-09,4.0231771980247e-09,1.4326931461315,1,1
1181.8815689988,2.4884126640521e-13,3.5817405672934e-05,-1.2818061282671e-14,1.1628344516402e-09,1.2818061282671e-14,-1.1628344516402e-09,9.9536506562086e-09,1.4326962269173,1,1
7343.8578398454,2.5911183065011e-13,3.5817571420461e-05,-1.2949268100077e-14,4.6709624443455e-10,1.2949268100077e-14,-4.6709624443455e-10,1.0364473226004e-08,1.4327028568184,1,1
45497.190750011,2.5911236786042e-13,3.5817832093293e-05,-1.2947980087521e-14,1.8901563396867e-10,1.2947980087521e-14,-1.8901563396867e-10,1.0364494714417e-08,1.4327132837317,1,1
281732.57176583,2.5911435262608e-13,3.5817561046296e-05,-1.2947390189313e-14,7.9329543890112e-11,1.2947390189314e-14,-7.9329544045966e-11,1.0364574105043e-08,1.4327024418518,1,1
394696.81891511,2.5911714231892e-13,3.581717655238e-05,-1.3113228967821e-14,6.731728436943e-11,1.3113228967837e-14,-6.7317287269671e-11,1.0364685692757e-08,1.4326870620952,1,1
