time,average_xi,average_xv,left_jix,left_jvx,right_jix,right_jvx,total_ci,total_cv
0,0,0,0,0,0,0,0,0
25.958682112,2.1807162467824e-16,3.7534459684774e-11,-5.2558186578598e-17,-1.454668365742e-16,5.2754803487955e-17,1.4546752255835e-16,1.0903581233912e-14,1.8767229842387e-09
186.68799962237,1.0052190599037e-15,3.7534962158125e-11,-1.3711301886208e-16,-1.4643445584096e-16,1.37132968861e-16,1.4643510969615e-16,5.0260952995184e-14,1.8767481079062e-09
1181.8815689988,1.8709256600962e-15,3.7538263251986e-11,-2.2255100484282e-16,-1.1926103043681e-16,2.2255122966916e-16,1.1926089541486e-16,9.3546283004808e-14,1.8769131625993e-09
7343.8578398454,1.8802328851763e-15,3.7572430740652e-11,-2.245874693523e-16,-6.5920029433331e-17,2.2458769457544e-16,6.6101314827698e-17,9.4011644258817e-14,1.8786215370326e-09
45497.190750011,1.880408275536e-15,3.7837127445438e-11,-2.2458737690745e-16,-4.4392111311236e-17,2.2458748491236e-16,5.049922498804e-17,9.4020413776799e-14,1.8918563722719e-09
281732.57176583,1.8803838707526e-15,3.9349372456311e-11,-2.2458737739095e-16,-7.8102621029461e-17,2.2458737919062e-16,8.0419250918444e-17,9.4019193537628e-14,1.9674686228156e-09
1744439.784661,1.8805611447641e-15,4.4564523045957e-11,-2.2458734299418e-16,-1.7398303461211e-16,2.2458734165723e-16,1.7399909919474e-16,9.4028057238205e-14,2.2282261522978e-09
10801137.310052,1.8805808371409e-15,4.7364297011775e-11,-2.2458733782861e-16,-2.2400116437301e-16,2.2458733782859e-16,2.2400116196401e-16,9.4029041857047e-14,2.3682148505887e-09
