time,average_xi,average_xv,left_jix,left_jvx,right_jix,right_jvx,total_ci,total_cv
0,0,0,0,0,0,0,0,0
25.958682112,1.986632226857e-13,8.7063467895896e-09,-5.0945775443361e-14,-4.2635592165473e-13,5.0978357727819e-14,4.2636101972238e-13,9.9331611342849e-12,4.3531733947948e-07
186.68799962237,9.9584535671832e-13,8.7056954286503e-09,-1.3730621249125e-13,-2.5414470083447e-13,1.3731549198307e-13,2.5421036122896e-13,4.9792267835916e-11,4.3528477143252e-07
1181.8815689988,1.8729047249519e-12,8.7087925750569e-09,-2.2385326363113e-13,-1.1522085127133e-13,2.2385298815301e-13,1.2446799046813e-13,9.3645236247597e-11,4.3543962875285e-07
7343.8578398454,1.8823728154538e-12,8.7415404566145e-09,-2.2478008046655e-13,-1.0223173275483e-13,2.2478014120277e-13,1.061941546428e-13,9.4118640772688e-11,4.3707702283072e-07
45497.190750011,1.8824829977436e-12,8.8820631106325e-09,-2.2477973004582e-13,-1.7665313762853e-13,2.2477973412593e-13,1.7677777002152e-13,9.4124149887182e-11,4.4410315553163e-07
281732.57176583,1.8825032026678e-12,8.9919999986964e-09,-2.2477962293187e-13,-2.360909188627e-13,2.2477962293192e-13,2.360909209417e-13,9.4125160133389e-11,4.4959999993482e-07
1026906.2981224,1.8825032055549e-12,8.9918667619224e-09,-2.2477962319867e-13,-2.3601896351974e-13,2.2477962319867e-13,2.3601896351945e-13,9.4125160277745e-11,4.4959333809612e-07
