time,average_xi,average_xv,left_jix,left_jvx,right_jix,right_jvx,total_ci,total_cv
0,0,0,0,0,0,0,0,0
25.958682112,1.9865223340894e-13,8.7063413831915e-09,-5.0943791275465e-14,-4.2628947996807e-13,5.0976372346707e-14,4.2629457803101e-13,9.932611670447e-12,4.3531706915958e-07
186.68799962237,9.9549337594362e-13,8.7056572841348e-09,-1.3726875891867e-13,-2.5392959769625e-13,1.3727804161202e-13,2.5399525689256e-13,4.9774668797181e-11,4.3528286420674e-07
1181.8815689988,1.8709176214736e-12,8.7085624833089e-09,-2.2365440610581e-13,-1.1464326894214e-13,2.2365414571248e-13,1.2389014796225e-13,9.3545881073678e-11,4.3542812416545e-07
7343.8578398454,1.8802941957476e-12,8.7402842987028e-09,-2.2457220154317e-13,-1.0075105255182e-13,2.2457226009154e-13,1.0471276589939e-13,9.4014709787378e-11,4.3701421493514e-07
45497.190750011,1.8804041631177e-12,8.8769085573644e-09,-2.2457184644604e-13,-1.7296515471532e-13,2.2457185055148e-13,1.7308964620908e-13,9.4020208155884e-11,4.4384542786822e-07
281732.57176583,1.8804243881562e-12,8.9836554731089e-09,-2.2457174390333e-13,-2.3068040984504e-13,2.2457174390338e-13,2.306804118892e-13,9.4021219407812e-11,4.4918277365544e-07
1026906.2981224,1.8804243910119e-12,8.9835236007851e-09,-2.2457174416724e-13,-2.3060919138703e-13,2.2457174416724e-13,2.3060919138674e-13,9.4021219550597e-11,4.4917618003926e-07
