time,average_xi,average_xv,left_jix,left_jvx,right_jix,right_jvx,total_ci,total_cv,xDi,xDv
0,0,0,0,0,0,0,0,0,0,0
25.958682112,2.1706617390445e-16,3.7367849945987e-11,-5.2392492411315e-17,-2.9293133258315e-16,5.0187604424264e-17,2.6198447161882e-17,1.0853308695223e-14,1.8683924972993e-09,1,0.000181
186.68799962237,1.0052626949718e-15,3.7368799724885e-11,-1.382253999735e-16,-2.6151067941485e-16,1.3488858994298e-16,2.6219685521172e-17,5.0263134748589e-14,1.8684399862443e-09,1,0.000181
1181.8815689988,1.8733049784627e-15,3.7378027918303e-11,-2.2387759100024e-16,-7.1010148505534e-17,2.2274815842739e-16,2.7402866538717e-17,9.3665248923133e-14,1.8689013959152e-09,1,0.000181
7343.8578398454,1.8826380372874e-15,3.7445696120266e-11,-2.247953164801e-16,-4.4140123639953e-17,2.2479535193491e-16,3.182021007601e-17,9.4131901864369e-14,1.8722848060133e-09,1,0.000181
45497.190750011,1.8825319146361e-15,3.7858959842988e-11,-2.2479528923909e-16,-5.2289921357702e-17,2.2479528933294e-16,4.6864946436584e-17,9.4126595731807e-14,1.8929479921494e-09,1,0.000181
281732.57176583,1.8824370273199e-15,4.0074893050753e-11,-2.2479526314297e-16,-1.0559534462479e-16,2.247952668804e-16,1.0537697770628e-16,9.4121851365996e-14,2.0037446525376e-09,1,0.000181
1744439.784661,1.8826347394568e-15,4.7556723218249e-11,-2.2479526598258e-16,-2.4317184703336e-16,2.2479526596734e-16,2.4317180506352e-16,9.4131736972838e-14,2.3778361609124e-09,1,0.000181
10801137.310052,1.8826600962268e-15,5.1574150621046e-11,-2.2479526019673e-16,-3.1493019440767e-16,2.247952601958e-16,3.1493019440688e-16,9.4133004811338e-14,2.5787075310523e-09,1,0.000181
