time,average_xi,average_xv,left_jix,left_jvx,right_jix,right_jvx,total_ci,total_cv,xDi,xDv
0,0,0,0,0,0,0,0,0,0,0
25.958682112,1.2370824488466e-14,0.00010817431242993,-2.7565031403291e-15,9.6021821808948e-08,2.756502873542e-15,-9.6018215695222e-08,1.2370824488466e-10,1.0817431242993,1,2
186.68799962237,4.1612059411378e-14,0.0001081760071634,-4.7683291668594e-15,3.5990976630733e-08,4.7683291297909e-15,-3.5990749610454e-08,4.1612059411378e-10,1.081760071634,1,2
1181.8815689988,4.641543956935e-14,0.00010818008101165,-4.9257322640726e-15,1.4315339142443e-08,4.9257322616178e-15,-1.4315324541601e-08,4.641543956935e-10,1.0818008101165,1,2
7343.8578398454,4.6412061066914e-14,0.00010819002728268,-4.7936068979723e-15,5.7480672188714e-09,4.7936068978198e-15,-5.7480662726611e-09,4.6412061066914e-10,1.0819002728268,1,2
45497.190750011,4.6401885622752e-14,0.00010821389469464,-4.7934588523933e-15,2.3210716438042e-09,4.7934588523837e-15,-2.3210715842273e-09,4.6401885622752e-10,1.0821389469464,1,2
281732.57176583,4.6378476538465e-14,0.00010826853202491,-4.7932657903229e-15,9.6179650834892e-10,4.7932657903223e-15,-9.6179650463553e-10,4.6378476538465e-10,1.0826853202491,1,2
575397.44916921,4.6362336367212e-14,0.00010830624379335,-4.9238559924705e-15,6.8807743514422e-10,4.9238559924703e-15,-6.880774339516e-10,4.6362336367212e-10,1.0830624379335,1,2
575757.60057217,4.6362310136837e-14,0.00010830629671026,-4.9238550276066e-15,6.8782104453236e-10,4.9238550276064e-15,-6.8782104333974e-10,4.6362310136837e-10,1.0830629671026,1,2
