time,center_xi,center_xs,center_xv
0,0,0,0
1,0.048808848161167,1,0.048808848161167
2,0.076694273851691,1,0.076694273851691
3,0.088463344146743,1,0.088463344146743
