time,average_xi,average_xv,left_jix,left_jvx,right_jix,right_jvx,total_ci,total_cv,xDi,xDv
0,0,0,0,0,0,0,0,0,0,0
25.958682112,2.170661739088e-16,3.7367780189151e-11,-5.2392492411433e-17,-2.9289814095714e-16,5.0187604424208e-17,2.6182373926998e-17,1.085330869544e-14,1.8683890094576e-09,1,0.000181
186.68799962237,1.0052626949815e-15,3.7368298384478e-11,-1.3822539996543e-16,-2.6119516348837e-16,1.3488858994016e-16,2.6107427822208e-17,5.0263134749074e-14,1.8684149192239e-09,1,0.000181
1181.8815689988,1.8733049770179e-15,3.7374871944989e-11,-2.2387759088316e-16,-6.9890489073944e-17,2.2274815830869e-16,2.6589420050483e-17,9.3665248850897e-14,1.8687435972495e-09,1,0.000181
7343.8578398454,1.8826380268759e-15,3.742647605837e-11,-2.2479534326137e-16,-4.093304967407e-17,2.2479530715322e-16,2.8402652262072e-17,9.4131901343797e-14,1.8713238029185e-09,1,0.000181
45497.190750011,1.8825842184051e-15,3.774625114557e-11,-2.2479529376497e-16,-4.3831172770592e-17,2.2479529403859e-16,3.8406284502776e-17,9.4129210920256e-14,1.8873125572785e-09,1,0.000181
281732.57176583,1.8825015241409e-15,3.9474992721253e-11,-2.2479523631141e-16,-8.405620273392e-17,2.2479521767238e-16,8.3837413377946e-17,9.4125076207046e-14,1.9737496360626e-09,1,0.000181
1744439.784661,1.8826376112617e-15,4.5315164812841e-11,-2.2479527044694e-16,-1.9143136779784e-16,2.2479527045884e-16,1.9143132265559e-16,9.4131880563087e-14,2.265758240642e-09,1,0.000181
10801137.310052,1.8826601653107e-15,4.8451054370747e-11,-2.2479526664783e-16,-2.4744400701413e-16,2.247952666471e-16,2.4744400701383e-16,9.4133008265536e-14,2.4225527185374e-09,1,0.000181
