time,average_xi,average_xv,left_jix,left_jvx,right_jix,right_jvx,total_ci,total_cv
0,0,0,0,0,0,0,0,0
25.958682112,2.1808484739563e-16,3.7534483765249e-11,-5.2560480489875e-17,-1.454775773369e-16,5.2757119120931e-17,1.4547826332218e-16,1.0904242369781e-14,1.8767241882625e-09
186.68799962237,1.0055791479677e-15,3.7535135105321e-11,-1.3715125372256e-16,-1.4650496364189e-16,1.3717121495053e-16,1.4650561749833e-16,5.0278957398387e-14,1.8767567552661e-09
1181.8815689988,1.872913649667e-15,3.7539350464326e-11,-2.2274993337354e-16,-1.195669232863e-16,2.227501373968e-16,1.1956678826383e-16,9.3645682483348e-14,1.8769675232163e-09
7343.8578398454,1.8823114991267e-15,3.7579050021889e-11,-2.2479537307272e-16,-6.7025826810193e-17,2.247955753739e-16,6.7207136665454e-17,9.4115574956334e-14,1.8789525010944e-09
45497.190750011,1.882485756014e-15,3.7875951833514e-11,-2.2479520796426e-16,-4.7305138998642e-17,2.2479517755164e-16,5.3412475586848e-17,9.41242878007e-14,1.8937975916757e-09
281732.57176583,1.8824583101521e-15,3.9556192354552e-11,-2.2479527648645e-16,-8.5524992266191e-17,2.2479527265279e-16,8.7842150535627e-17,9.4122915507606e-14,1.9778096177276e-09
1744439.784661,1.8826390206877e-15,4.5340448059009e-11,-2.2479527087059e-16,-1.9187381872097e-16,2.2479526890501e-16,1.918901073419e-16,9.4131951034385e-14,2.2670224029505e-09
10801137.310052,1.8826601644908e-15,4.8450977610998e-11,-2.2479526658363e-16,-2.4744263702451e-16,2.247952665836e-16,2.474426345822e-16,9.4133008224539e-14,2.4225488805499e-09
