x,Ci_Center,Cv_center,Fi,Fv,Di,Dv,Zi,Zv,rho,rho,ki,kv
0.0,6.4051096339795e-12,3.5444279465134e-08,2.2381900690584503e-09,2.2387581145744e-09,1.0,0.000181,349.4382137012479,348.965462098236,1.909859317102744e-09,1.909859317102744e-09,6.673778281890681e-07,6.664749391353806e-07
10.0,5.2957451470278e-12,4.4879779510665e-08,2.057563008012925e-09,2.62182425023325e-09,1.0,0.000181,388.5313493923924,322.75597184418456,1.909859317102744e-09,1.909859317102744e-09,7.420402176235623e-07,6.164184999771669e-07
20.0,4.4131405780683e-12,5.5588054826161e-08,1.907622439759e-09,3.0361468587734998e-09,1.0,0.000181,432.25961331011933,301.7607306080494,1.909859317102744e-09,1.909859317102744e-09,8.255550498875608e-07,5.763205428875144e-07
30.0,3.7201125243618e-12,6.7343808273647e-08,1.7836338652391e-09,3.47642315166525e-09,1.0,0.000181,479.45696630375164,285.20450857132323,1.909859317102744e-09,1.909859317102744e-09,9.156953542450365e-07,5.447004879746512e-07
40.0,3.1752418577632e-12,7.9968965803164e-08,1.6803228652174752e-09,3.9388172777265e-09,1.0,0.000181,529.1952362964814,272.1233319118692,1.909859317102744e-09,1.909859317102744e-09,1.0106884526072235e-06,5.197172808529258e-07
50.0,2.746750232785e-12,9.3202828340904e-08,1.593862899215925e-09,4.4170914321665e-09,1.0,0.000181,580.2722359651415,261.83561702609944,1.909859317102744e-09,1.909859317102744e-09,1.1082383363140675e-06,5.00069192726642e-07
