time,average_xi,average_xv,left_jix,left_jvx,right_jix,right_jvx,total_ci,total_cv,xDi,xDv
0,0,0,0,0,0,0,0,0,0,0
25.958682112,9.0941970519255e-17,3.7257736527507e-11,-1.5815807019984e-17,1.4696158785279e-16,2.9276897025274e-18,1.4416897449045e-16,4.5470985259627e-15,1.8628868263753e-09,1,0.000181
186.68799962237,4.1317770705785e-16,3.7258232313304e-11,-6.0464095092996e-17,1.4656319630059e-16,1.7365825470924e-17,1.42480615529e-16,2.0658885352892e-14,1.8629116156652e-09,1,0.000181
1181.8815689988,7.7550131900824e-16,3.7261392480709e-11,-9.773198394898e-17,1.1701392800944e-16,5.1909054695655e-17,1.1583001525459e-16,3.8775065950412e-14,1.8630696240354e-09,1,0.000181
7343.8578398454,7.7928496089798e-16,3.7278906689024e-11,-9.8107529695553e-17,3.1884491183995e-17,5.2281909432068e-17,5.5406788610769e-17,3.8964248044899e-14,1.8639453344512e-09,1,0.000181
45497.190750011,7.7897130683795e-16,3.7378986183668e-11,-9.8086516972574e-17,-2.2609679748343e-18,5.2248762530585e-17,2.2309991420725e-17,3.8948565341898e-14,1.8689493091834e-09,1,0.000181
281732.57176583,7.7894094055756e-16,3.7996298927548e-11,-9.8084291738824e-17,-2.4893516557099e-17,5.2244968693498e-17,9.3414566306986e-18,3.8947047027878e-14,1.8998149463774e-09,1,0.000181
1744439.784661,7.7900498664657e-16,4.0285111418092e-11,-9.808883990819e-17,-8.0842694170409e-17,5.2251462436846e-17,3.292853000062e-17,3.8950249332328e-14,2.0142555709046e-09,1,0.000181
10801137.310052,7.7912414997992e-16,4.1523522250643e-11,-9.8095828261942e-17,-1.0306747165708e-16,5.2266720079911e-17,5.4946815527063e-17,3.8956207498996e-14,2.0761761125322e-09,1,0.000181
