time,average_xi,average_xv,left_jix,left_jvx,right_jix,right_jvx,total_ci,total_cv
0,0,0,0,0,0,0,0,0
25.958682112,1.9866322289685e-13,8.7063583811016e-09,-5.0945775476224e-14,-4.2649905231019e-13,5.0978357749305e-14,4.2650415038135e-13,9.9331611448424e-12,4.3531791905508e-07
186.68799962237,9.9584535594316e-13,8.705777211652e-09,-1.3730621238779e-13,-2.5460753516638e-13,1.3731549192492e-13,2.5467319737503e-13,4.9792267797158e-11,4.352888605826e-07
1181.8815689988,1.8729041889163e-12,8.7092857684461e-09,-2.2385346420706e-13,-1.1646405590395e-13,2.238530081287e-13,1.2571119794687e-13,9.3645209445815e-11,4.354642884223e-07
7343.8578398454,1.8823706971577e-12,8.7442265382384e-09,-2.2478011274627e-13,-1.0541226110066e-13,2.2478022537732e-13,1.093746782454e-13,9.4118534857886e-11,4.3721132691192e-07
45497.190750011,1.8824940986209e-12,8.892943093161e-09,-2.2477971162253e-13,-1.8447781513861e-13,2.2477971139124e-13,1.8460245966303e-13,9.4124704931044e-11,4.4464715465805e-07
281732.57176583,1.882502818672e-12,9.0092102856352e-09,-2.2477958709201e-13,-2.473347976357e-13,2.2477958709209e-13,2.473348001606e-13,9.4125140933602e-11,4.5046051428176e-07
1026906.2981224,1.8825028217164e-12,9.0090693794047e-09,-2.247795873733e-13,-2.472587007161e-13,2.247795873733e-13,2.4725870071584e-13,9.4125141085821e-11,4.5045346897023e-07
