time,average_xi,average_xv,left_jix,left_jvx,right_jix,right_jvx,total_ci,total_cv
0,0,0,0,0,0,0,0,0
25.958682112,2.1806996720069e-16,8.7061036120267e-09,-5.3663720642839e-17,-4.2335318513203e-13,5.3830363071455e-17,4.2335828312305e-13,1.0903498360035e-14,4.3530518060133e-07
186.68799962237,1.0055156935203e-15,8.703979740497e-09,-1.3827634136301e-16,-2.4443487659365e-13,1.3826729768264e-16,2.4449375485883e-13,5.0275784676017e-14,4.3519898702485e-07
1181.8815689988,1.8730069104516e-15,8.6984464142679e-09,-2.238591939536e-16,-8.9140156617256e-14,2.2385978995174e-16,9.8387835122024e-14,9.365034552258e-14,4.349223207134e-07
7343.8578398454,1.8824447296281e-15,8.6851932333231e-09,-2.2477577137909e-16,-3.5509774701713e-14,2.2477784230483e-16,3.9472021939955e-14,9.4122236481407e-14,4.3425966166615e-07
45497.190750011,1.8825000834207e-15,8.6539134903966e-09,-2.2365063008426e-16,-1.2527001227468e-14,2.2365062861979e-16,1.265129486625e-14,9.4125004171033e-14,4.3269567451983e-07
281732.57176583,1.8825112569958e-15,8.6309725893803e-09,-2.2478037645106e-16,-2.2046285040426e-16,2.2478037645203e-16,2.2046472289363e-16,9.4125562849791e-14,4.3154862946901e-07
639787.72272489,1.8825112574854e-15,8.6310018912162e-09,-2.2478037472195e-16,-2.3628771642474e-16,2.2478037472195e-16,2.3628772218223e-16,9.412556287427e-14,4.3155009456081e-07
