time,average_xi,average_xv,left_jix,left_jvx,right_jix,right_jvx,total_ci,total_cv,xDi,xDv
0,0,0,0,0,0,0,0,0,0,0
25.958682112,9.1821104514723e-17,3.7367633605759e-11,-1.6816692299633e-17,-2.9281522086578e-16,2.5370907078694e-18,2.6123438736105e-17,4.5910552257361e-15,1.868381680288e-09,1,0.000181
186.68799962237,4.133005985617e-16,3.7367245249855e-11,-6.0801784168442e-17,-2.6040693224513e-16,1.7380174895251e-17,2.5695816286218e-17,2.0665029928085e-14,1.8683622624928e-09,1,0.000181
1181.8815689988,7.746662475932e-16,3.7368255712806e-11,-9.766917627704e-17,-6.7093259227042e-17,5.1837405299217e-17,2.3606783108131e-17,3.873331237966e-14,1.8684127856403e-09,1,0.000181
7343.8578398454,7.7893357822228e-16,3.7386572235599e-11,-9.8083377183099e-17,-3.2910994707749e-17,5.2246322043463e-17,1.6783884185139e-17,3.8946678911114e-14,1.8693286117799e-09,1,0.000181
45497.190750011,7.7895027164007e-16,3.7518628490543e-11,-9.8086005643177e-17,-2.279951815938e-17,5.2246839767272e-17,7.3710239179643e-18,3.8947513582003e-14,1.8759314245272e-09,1,0.000181
281732.57176583,7.7900553089163e-16,3.8348313262263e-11,-9.8096992342084e-17,-3.9418371087739e-17,5.2249575398712e-17,6.1194899338825e-18,3.8950276544581e-14,1.9174156631132e-09,1,0.000181
1744439.784661,7.7902154586505e-16,4.1388271452735e-11,-9.8089832064717e-17,-1.0797443456724e-16,5.2253581078132e-17,4.4024445298481e-17,3.8951077293252e-14,2.0694135726367e-09,1,0.000181
10801137.310052,7.7912413556953e-16,4.3031336459436e-11,-9.8095826805309e-17,-1.3742281703184e-16,5.2266718892893e-17,7.3261958508304e-17,3.8956206778477e-14,2.1515668229718e-09,1,0.000181
