time,average_xi,average_xv,left_jix,left_jvx,right_jix,right_jvx,total_ci,total_cv,xDi,xDv
0,0,0,0,0,0,0,0,0,0,0
25.958682112,9.1821104526226e-17,3.7367610207508e-11,-1.6816692300061e-17,-2.9280691031558e-16,2.5370907078788e-18,2.6123438735422e-17,4.5910552263113e-15,1.8683805103754e-09,1,0.000181
186.68799962237,4.1330059855994e-16,3.7367077011219e-11,-6.0801784168854e-17,-2.6032793356563e-16,1.7380174895711e-17,2.5695816281306e-17,2.0665029927997e-14,1.8683538505609e-09,1,0.000181
1181.8815689988,7.7466624752752e-16,3.7367193783838e-11,-9.766917627071e-17,-6.6812933196676e-17,5.1837405292362e-17,2.3606783083271e-17,3.8733312376376e-14,1.8683596891919e-09,1,0.000181
7343.8578398454,7.7893357829493e-16,3.738002332626e-11,-9.8083377191226e-17,-3.2107738342719e-17,5.2246322048342e-17,1.678388382179e-17,3.8946678914746e-14,1.869001166313e-09,1,0.000181
45497.190750011,7.7894097749084e-16,3.7478850036123e-11,-9.8085129119767e-17,-2.0660202707864e-17,5.2246325324391e-17,7.3708233610436e-18,3.8947048874542e-14,1.8739425018061e-09,1,0.000181
281732.57176583,7.7900577847822e-16,3.8118444368582e-11,-9.8097009306445e-17,-3.2060538789646e-17,5.2249613247488e-17,5.8502093801053e-18,3.8950288923911e-14,1.9059222184291e-09,1,0.000181
1744439.784661,7.7900498427416e-16,4.0468484657681e-11,-9.8088839698136e-17,-8.5205087859143e-17,5.2251462204593e-17,3.4946683995467e-17,3.8950249213708e-14,2.0234242328841e-09,1,0.000181
10801137.310052,7.7911678317626e-16,4.1738800575428e-11,-9.8095294482521e-17,-1.0797337578063e-16,5.2265997982355e-17,5.7561065600135e-17,3.8955839158813e-14,2.0869400287714e-09,1,0.000181
