x,Ci,Cv,Ji,Cv,Di,Dv,Zi,Zv,rho,rho,ki,kv
5.0,2.819542290767e-15,5.3370495668434e-11,2.2479526766165e-16,2.3619493567747e-16,1.0,0.000181,0.0797275743647381,0.024450670350058813,1.527887453682195e+25,1.527887453682195e+25,1.2181476058439754e+24,3.73578724619741e+23
50.0,2.8200062155424e-13,1.673002651762e-09,2.2557788042363e-15,2.3686580777803e-15,1.0,0.000181,0.007999197986882535,0.007822168544225301,1.5278874536821947e+22,1.5278874536821947e+22,1.2221874243677695e+20,1.1951393179309356e+20
250.0,4.4694436547858e-12,2.6679794523898e-08,8.2312139104691e-15,8.7958342108013e-15,1.0,0.000181,0.0018416640965269277,0.0018214446545650972,1.2223099629457555e+20,1.2223099629457555e+20,2.2510843735843574e+17,2.2263699482292083e+17
