x,Ci,Cv,Ji,Cv,Di,Dv,Zi,Zv,rho,rho,ki,kv
5000.0,1.4445285465355e-10,7.9805100094859e-07,1.0836726442539e-17,1.0073185469941e-17,1.0,0.000181,7.501912280327983e-08,6.973609246942003e-08,1.5278874536821948e+16,1.5278874536821948e+16,1146207765.1737509,1065489007.5284826
500.0,1.491029189784e-11,8.1835767340646e-08,8.3061728986175e-16,7.6433587056982e-16,1.0,0.000181,5.570764781486797e-05,5.1601521570239115e-05,1.5278874536821944e+19,1.5278874536821944e+19,851150161704830.9,788413173980794.8
