time,average_xi,average_xv,left_jix,left_jvx,right_jix,right_jvx,total_ci,total_cv,xDi,xDv
0,0,0,0,0,0,0,0,0,0,0
25.958682112,9.0941970507779e-17,3.7257732635022e-11,-1.5815807020003e-17,1.4696225836797e-16,2.9276897016939e-18,1.4416897449032e-16,4.5470985253889e-15,1.8628866317511e-09,1,0.000181
186.68799962237,4.1317770708894e-16,3.7258204277878e-11,-6.0464095095454e-17,1.4657108987929e-16,1.7365825472939e-17,1.4248061552808e-16,2.0658885354447e-14,1.8629102138939e-09,1,0.000181
1181.8815689988,7.755013201234e-16,3.7261215351731e-11,-9.7731984054019e-17,1.1705877003746e-16,5.1909054809272e-17,1.1583001524873e-16,3.877506600617e-14,1.8630607675866e-09,1,0.000181
7343.8578398454,7.7928496091e-16,3.7277814549839e-11,-9.8107529696898e-17,3.2018350590169e-17,5.2281909432874e-17,5.5406788549197e-17,3.89642480455e-14,1.863890727492e-09,1,0.000181
45497.190750011,7.7896585998613e-16,3.7372352127761e-11,-9.8086173421845e-17,-1.9025294964415e-18,5.2248140875433e-17,2.2309969608527e-17,3.8948292999307e-14,1.8686176063881e-09,1,0.000181
281732.57176583,7.7894094098355e-16,3.7957984807835e-11,-9.8084291781662e-17,-2.3667241692817e-17,5.2244968728479e-17,9.2964958108984e-18,3.8947047049177e-14,1.8978992403917e-09,1,0.000181
1744439.784661,7.7899879860925e-16,4.0131792228854e-11,-9.808834884449e-17,-7.704728044452e-17,5.2250878454255e-17,3.1417716091533e-17,3.8949939930463e-14,2.0065896114427e-09,1,0.000181
10801137.310052,7.7907761902762e-16,4.1307869274789e-11,-9.8092755821529e-17,-9.815654298401e-17,5.2261674954022e-17,5.232546426371e-17,3.8953880951381e-14,2.0653934637395e-09,1,0.000181
