time,average_xi,average_xv,left_jix,left_jvx,right_jix,right_jvx,total_ci,total_cv
0,0,0,0,0,0,0,0,0
25.958682112,2.1805674868101e-16,8.7060982172966e-09,-5.3661426227741e-17,-4.2328688732653e-13,5.3828045054573e-17,4.2329198531285e-13,1.090283743405e-14,4.3530491086483e-07
186.68799962237,1.0051557165164e-15,8.7039416816087e-09,-1.38238098434e-16,-2.4422025228801e-13,1.3822903708364e-16,2.4427913001264e-13,5.025778582582e-14,4.3519708408044e-07
1181.8815689988,1.8710212182057e-15,8.6982169606539e-09,-2.2365728713721e-16,-8.8564076149501e-14,2.2365646878582e-16,9.781149204114e-14,9.3551060910286e-14,4.3491084803269e-07
7343.8578398454,1.8803621854842e-15,8.6839445067565e-09,-2.2343772873882e-16,-3.4046948531518e-14,2.2344080349754e-16,3.8007301929002e-14,9.4018109274208e-14,4.3419722533783e-07
45497.190750011,1.8804097532065e-15,8.64887255734e-09,-2.2344274931585e-16,-8.9311322352069e-15,2.23442749131e-16,9.0552485136409e-15,9.4020487660326e-14,4.32443627867e-07
281732.57176583,1.8804321595552e-15,8.6230411181547e-09,-2.2457246530762e-16,4.9621775964779e-15,2.2457246544159e-16,-4.9621757571575e-15,9.4021607977761e-14,4.3115205590773e-07
709996.78816317,1.880432415407e-15,8.6230751333421e-09,-2.245724930877e-16,4.9438096310708e-15,2.245724930877e-16,-4.9438096355609e-15,9.4021620770348e-14,4.3115375666711e-07
