time,average_xi,average_xv,left_jix,left_jvx,right_jix,right_jvx,total_ci,total_cv,xDi,xDv
0,0,0,0,0,0,0,0,0,0,0
25.958682112,1.7108480098994e-14,3.5817412183028e-05,-3.6746757046753e-15,7.7968290767899e-09,3.6746683645578e-15,-7.7959346932101e-09,1.7108480098994e-10,0.35817412183028,1,1
186.68799962237,1.004326016905e-13,3.5817549377434e-05,-8.8638214796918e-15,2.9234194597305e-09,8.8638211727968e-15,-2.9233706771786e-09,1.004326016905e-09,0.35817549377434,1,1
1181.8815689988,2.4815827260169e-13,3.5817877064297e-05,-1.2984061682269e-14,1.1628932010459e-09,1.2984061668034e-14,-1.1628901326046e-09,2.4815827260169e-09,0.35817877064297,1,1
7343.8578398454,2.5834706637585e-13,3.581866419837e-05,-1.2949268108213e-14,4.6709614475571e-10,1.2949268107146e-14,-4.6709594661099e-10,2.5834706637585e-09,0.3581866419837,1,1
45497.190750011,2.5833642381028e-13,3.582047574987e-05,-1.2947980089377e-14,1.8901563346045e-10,1.2947980089307e-14,-1.8901562061265e-10,2.5833642381028e-09,0.3582047574987,1,1
281732.57176583,2.5830988484931e-13,3.5824152021417e-05,-1.294739018963e-14,7.9329546166936e-11,1.2947390189625e-14,-7.9329545333456e-11,2.5830988484931e-09,0.35824152021417,1,1
313540.15893263,2.5830700150569e-13,3.5824550321053e-05,-1.3113364158136e-14,7.4141782123449e-11,1.3113364158133e-14,-7.4141781459375e-11,2.5830700150569e-09,0.35824550321053,1,1
