x,Ci,Cv,Ji,Cv,Di,Dv,Zi,Zv,rho,rho,ki,kv
5000.0,2.1115705337079e-10,1.1666222369838e-06,1.5939408717023e-12,1.5939376081319e-12,1.0,0.000181,0.007548603498000862,0.007548531862866282,1.909859317102744e-12,1.909859317102744e-12,1.4416770721771312e-14,1.44166339087421e-14
10000.0,2.1188429585815e-10,1.1626088900315e-06,1.5941680751611e-12,1.5937097762044e-12,1.0,0.000181,0.007523767010219324,0.0075735068459962035,2.38732414637843e-13,2.38732414637843e-13,1.796167065522204e-15,1.8080415766209082e-15
20000.0,2.111581116914e-10,1.1666165088936e-06,1.5939399188441e-12,1.5939385796139e-12,1.0,0.000181,0.007548561152003414,0.007548573526922022,2.9841551829730376e-14,2.9841551829730376e-14,2.252607788573991e-16,2.2526114814417413e-16
30000.0,2.1133768222422e-10,1.1656249940889e-06,1.5939585807455e-12,1.5939199106866e-12,1.0,0.000181,0.0075422355538771356,0.0075549060774412645,8.841941282883074e-15,8.841941282883074e-15,6.668800390905474e-17,6.680003593443215e-17
40000.0,2.1117322361394e-10,1.1665330195093e-06,1.5939409296795e-12,1.5939375689556e-12,1.0,0.000181,0.007548025750620215,0.007549108995698428,3.730193978716297e-15,3.730193978716297e-15,2.8155600206159086e-17,2.815964092042731e-17
50000.0,2.1123242461196e-10,1.1662060532723e-06,1.5939444075125e-12,1.5939340901595e-12,1.0,0.000181,0.00754592676972118,0.007551209039585354,1.9098593171027442e-15,1.9098593171027442e-15,1.441165854732701e-17,1.4421746939642552e-17
