bias,size,xi_center,xv_center,Fi,Fv,Di,Dv,rho,Zi,Zv,ki,kv,Zi_scaled,Zv_scaled,ki_scaled,kv_scaled,super_saturation_center
0.0,50.0,2.820190690645e-13,1.5950949879284e-09,5.639715359849e-10,5.6396540721175e-10,1.0,0.000181,1.5278874536821954e-08,1999.7638381534948,1953.3827155441504,3.055414078642077e-05,2.9845489433195642e-05,1.999763838153495e-07,1.9533827155441504e-07,3055414078642076.5,2984548943319564.0,0.99942119613901
5.0,50.0,2.8200062155424e-13,1.673002651762e-09,5.639447010590751e-10,5.921645194450751e-10,1.0,0.000181,1.5278874536821954e-08,1999.799496720634,1955.5421360563253,3.0554685609194254e-05,2.98784829482734e-05,1.9997994967206338e-07,1.9555421360563254e-07,3055468560919425.0,2987848294827340.0,3.1077883253221
10.0,50.0,2.8198217627705e-13,1.7509103245098e-09,5.639178693394499e-10,6.20363633870575e-10,1.0,0.000181,1.5278874536821954e-08,1999.8351554865496,1957.5093844453222,3.055523043500481e-05,2.990854028959165e-05,1.9998351554865496e-07,1.9575093844453224e-07,3055523043500481.0,2990854028959164.5,5.216155361985
20.0,50.0,2.8194529289864e-13,1.9067257166457e-09,5.6386421615085e-10,6.76761874999775e-10,1.0,0.000181,1.5278874536821954e-08,1999.906472471454,1960.9615852637216,3.0556320078269516e-05,2.996128603277189e-05,1.9999064724714542e-07,1.9609615852637216e-07,3055632007826951.5,2996128603277188.5,9.4328896243443
30.0,50.0,2.819084188463e-13,2.0625411603003e-09,5.63810576310175e-10,7.331601294751e-10,1.0,0.000181,1.5278874536821954e-08,1999.9777893031694,1963.8921773318293,3.055740971919366e-05,3.000606218129911e-05,1.9999777893031694e-07,1.9638921773318295e-07,3055740971919365.5,3000606218129911.0,13.649623886524
40.0,50.0,2.818715541165e-13,2.2183566554548e-09,5.6375694981245e-10,7.89558397291575e-10,1.0,0.000181,1.5278874536821954e-08,2000.0491059819549,1966.411072485717,3.05584993577812e-05,3.0044548064326773e-05,2.000049105981955e-07,1.9664110724857173e-07,3055849935778120.0,3004454806432677.0,17.866358148546
50.0,50.0,2.818715541165e-13,2.2183566554548e-09,5.6375694981245e-10,7.89558397291575e-10,1.0,0.000181,1.5278874536821954e-08,2000.0491059819549,1966.411072485717,3.05584993577812e-05,3.0044548064326773e-05,2.000049105981955e-07,1.9664110724857173e-07,3055849935778120.0,3004454806432677.0,17.866358148546
