x,Ci_Center,Cv_center,Ji,Jv,Di,Dv,Zi,Zv,rho,rho,ki,kv
5.0,2.8191546925754e-12,1.6391319537468e-08,5.6193166803829994e-12,5.900310809664e-12,1.0,0.000181,1.9932629788575205,1.988760098832931,0.0019098593171027443,0.0019098593171027443,0.0038068518716070057,0.003798252004238248
50.0,1.5505562559048e-10,9.3470852362508e-07,3.75194719077e-09,4.0342095801675e-09,1.0,0.000181,24.197427061945696,23.84534874328113,1.909859317102744e-06,1.909859317102744e-06,4.621368152417107e-05,4.554126146691967e-05
250.0,9.9481270948796e-11,2.4994135052971e-06,8.64152712311125e-08,1.217043844405e-07,1.0,0.000181,868.6586973299859,269.02307785841333,1.5278874536821954e-08,1.5278874536821954e-08,1.327212725182405e-05,4.110369854108381e-06
500.0,3.0939330410682e-11,7.970529830408e-06,3.0648458226217504e-07,5.88820760178125e-07,1.0,0.000181,9905.986270354426,408.1476941142491,1.909859317102744e-09,1.909859317102744e-09,1.8919040173528264e-05,7.795046763580995e-07
1000.0,7.9186905251501e-12,3.1111230230002e-05,1.0396183448194e-06,3.2908311448275e-06,1.0,0.000181,131286.64916472332,584.399504811297,2.38732414637843e-10,2.38732414637843e-10,3.134237876480575e-05,1.3951510489676069e-07
2000.0,2.0078388679313e-12,0.00012269119686612,3.42011999132768e-06,2.12456158857688e-05,1.0,0.000181,1703383.6957501823,956.7034660165863,2.984155182973038e-11,2.984155182973038e-11,5.083161284264674e-05,2.8549516066816654e-08
3000.0,9.1437740332853e-13,0.00026941096209392,6.830506700144729e-06,6.58413734552694e-05,1.0,0.000181,7470117.563360838,1350.2215774768472,8.841941282883075e-12,8.841941282883075e-12,6.605034087147012e-05,1.1938579906932044e-08
4000.0,5.3068980746936e-13,0.00046419424054845,1.1171776882255201e-05,0.00014762681554594882,1.0,0.000181,21051425.38073,1757.0613639746387,3.730193978716297e-12,3.730193978716297e-12,7.852590019859448e-05,6.554179720133242e-09
5000.0,3.5403922187894e-13,0.00069580740761822,1.64192226215185e-05,0.00027437990799525,1.0,0.000181,46376846.42503502,2178.6360382184494,1.909859317102744e-12,1.909859317102744e-12,8.857325224269622e-05,4.160888336167316e-09
