bias,size,xi_center,xv_center,Fi,Fv,Di,Dv,rho,Zi,Zv,ki,kv,Zi_scaled,Zv_scaled,ki_scaled,kv_scaled,super_saturation_center
0.0,3000.0,5.1680530967447e-12,2.8586247654996e-08,5.10251767963902e-08,5.096104209799649e-08,1.0,0.000181,7.07355302630646e-14,9873.191285230874,9849.236673924026,6.983854209494742e-10,6.966909788164387e-10,9.873191285230875e-07,9.849236673924027e-07,69838542094.9474,69669097881.64386,0.90454364784661
5.0,3000.0,1.1815095203075e-12,1.2699638210639e-07,3.6994052424943805e-11,1.3364866692252899e-06,1.0,0.000181,7.07355302630646e-14,31.310837356025473,58142.63467503889,2.2147886833590334e-12,4.112750094630522e-09,3.1310837356025474e-09,5.814263467503889e-06,221478868.33590332,411275009463.0522,3255.910951314
10.0,3000.0,6.2678953038065e-13,2.3927930395585e-07,6.79795696351818e-12,2.5856943937657203e-06,1.0,0.000181,7.07355302630646e-14,10.845677271268034,59702.63265260015,7.671747328452119e-13,4.223097378782627e-09,1.0845677271268034e-09,5.970263265260015e-06,76717473.28452118,422309737878.26263,6373.4156317199
20.0,3000.0,3.1086979689427e-13,4.8178816503718e-07,1.5950573537814e-12,5.3169036059772e-06,1.0,0.000181,7.07355302630646e-14,5.130949901588205,60971.107585853664,3.629404620420608e-13,4.312823625811719e-09,5.130949901588206e-10,6.0971107585853666e-06,36294046.20420608,431282362581.1719,12974.882495869
30.0,3000.0,2.0732438683702e-13,7.2182931352594e-07,8.387660230090829e-13,7.98557200502454e-06,1.0,0.000181,7.07355302630646e-14,4.045669859708526,61121.35032684066,2.861726027957807e-13,4.3234511257636105e-09,4.045669859708526e-10,6.112135032684066e-06,28617260.27957807,432345112576.361,19477.942565531
40.0,3000.0,1.5508504832895e-13,9.6446342817485e-07,5.64802563486897e-13,1.06936415469792e-05,1.0,0.000181,7.07355302630646e-14,3.641889205778867,61257.78417181832,2.5761096413009935e-13,4.333101846133934e-09,3.6418892057788674e-10,6.125778417181832e-06,25761096.413009934,433310184613.3934,26043.421748741
50.0,3000.0,1.2408718729311e-13,1.2049407821362e-06,4.31072947710756e-13,1.3362893792532e-05,1.0,0.000181,7.07355302630646e-14,3.4739521228126953,61271.17912740019,2.457318455156549e-13,4.334049345419868e-09,3.4739521228126954e-10,6.127117912740019e-06,24573184.551565487,433404934541.98676,32547.438312581
