bias,size,xi_center,xv_center,Fi,Fv,Di,Dv,rho,Zi,Zv,ki,kv,Zi_scaled,Zv_scaled,ki_scaled,kv_scaled,super_saturation_center
0.0,250.0,2.4672685008026e-12,1.3668310057197e-08,1.21267058395425e-08,1.2126690676923124e-08,1.0,0.000181,1.2223099629457562e-10,4915.032893905829,4901.724555000618,6.007693674427207e-07,5.991426759193109e-07,4.915032893905829e-07,4.901724555000618e-07,60076936744272.06,59914267591931.086,0.99979387040384
5.0,250.0,2.4396529039877e-12,1.4384550081755e-08,1.1957225660493126e-08,1.2773232738489377e-08,1.0,0.000181,1.2223099629457562e-10,4901.199527583867,4905.982197593925,5.990785012950794e-07,5.99663091815357e-07,4.901199527583867e-07,4.905982197593925e-07,59907850129507.94,59966309181535.695,24.481209617735
10.0,250.0,2.412538546317e-12,1.5103559371366e-08,1.1790952904334376e-08,1.3422982205827499e-08,1.0,0.000181,1.2223099629457562e-10,4887.36352931419,4910.108992237015,5.973873134418467e-07,6.00167514036085e-07,4.887363529314189e-07,4.910108992237015e-07,59738731344184.664,60016751403608.49,47.962625041091
20.0,250.0,2.3597710022161e-12,1.6549650992319e-08,1.1467758821231875e-08,1.4731833035783126e-08,1.0,0.000181,1.2223099629457562e-10,4859.691389741764,4918.00961705528,5.940049202523067e-07,6.011332152789712e-07,4.859691389741765e-07,4.91800961705528e-07,59400492025230.664,60113321527897.12,94.925463251239
30.0,250.0,2.3088821729731e-12,1.800612204295e-08,1.1156587645750001e-08,1.6052706431878125e-08,1.0,0.000181,1.2223099629457562e-10,4832.029878503455,4925.490652564252,5.906238261746344e-07,6.020476297025479e-07,4.832029878503455e-07,4.925490652564252e-07,59062382617463.44,60204762970254.78,141.88829577434
40.0,250.0,2.2597921576124e-12,1.9472531230026e-08,1.0856928991668749e-08,1.73850922611e-08,1.0,0.000181,1.2223099629457562e-10,4804.392720408287,4932.601332210681,5.872457088059114e-07,6.029167751600625e-07,4.804392720408287e-07,4.932601332210681e-07,58724570880591.13,60291677516006.24,188.85112662721
50.0,250.0,2.2124241296735e-12,2.0948454093274e-08,1.0568290831625e-08,1.8728498489608748e-08,1.0,0.000181,1.2223099629457562e-10,4776.792428667202,4939.37962606639,5.838720976483777e-07,6.037452927712233e-07,4.776792428667203e-07,4.939379626066391e-07,58387209764837.766,60374529277122.32,235.813955683
