size,xi_center,xv_center,Fi,Fv,Di,Dv,rho,Zi,Zv,ki,kv,Zi_scaled,Zv_scaled,ki_scaled,kv_scaled,super_saturation_center
5.0,2.8191731657826e-12,1.5612542141361e-08,5.61934360927275e-10,5.619343548759999e-10,1.0,0.000181,1.5278874536821953e-05,199.32594696476636,198.85356704483962,0.0030454761356078918,0.0030382587020776172,1.9932594696476636e-08,1.9885356704483963e-08,3.045476135607891e+17,3.0382587020776166e+17,0.99999429651662
50.0,1.5929702215446e-10,8.8013102617317e-07,3.8156529558860005e-07,3.81565290567225e-07,1.0,0.000181,1.5278874536821954e-08,2395.3071465367434,2395.206469611424,3.65975973690879e-05,3.659605913897719e-05,2.3953071465367435e-07,2.395206469611424e-07,3659759736908789.5,3659605913897718.5,0.99948975396996
250.0,2.1114967990622e-10,1.1666093797988e-06,9.96212066908375e-06,9.96211994051625e-06,1.0,0.000181,1.2223099629457562e-10,47180.37305814683,47178.89093042221,5.766904004447041e-06,5.766722842498624e-06,4.718037305814684e-06,4.7178890930422215e-06,576690400444704.0,576672284249862.4,0.98817938897264
