size,xi_center,xv_center,Fi,Fv,Di,Dv,rho,Zi,Zv,ki,kv,Zi_scaled,Zv_scaled,ki_scaled,kv_scaled,super_saturation_center
250.0,3.8986174968186e-12,3.7174352289898e-08,4.717769015743688e-08,7.540894685542499e-08,1.0,0.000181,1.2223099629457562e-10,12101.133336608533,11207.297238882755,1.479133584027163e-06,1.3698791072780855e-06,1.2101133336608532e-06,1.1207297238882755e-06,147913358402716.28,136987910727808.53,422.56835413661
5000.0,4.4030453350969e-14,5.5949074829529e-06,8.25524175399475e-06,0.00021542166212091748,1.0,0.000181,1.5278874536821954e-14,187489365.33066776,212724.6844512062,2.8646264898756486e-06,3.2501937646150194e-09,0.018748936533066776,2.127246844512062e-05,286462648987564.8,325019376461.5019,151207.14110215
250.0,9.9481270948796e-11,2.4994135052971e-06,8.64152712311125e-06,1.217043844405e-05,1.0,0.000181,1.2223099629457562e-10,86865.86973299859,26902.30778584133,1.0617701801459238e-05,3.2882958832867045e-06,8.68658697329986e-06,2.690230778584133e-06,1061770180145923.8,328829588328670.44,52697.114157083
5000.0,3.5403922187894e-13,0.00069580740761822,0.00164192226215185,0.027437990799525,1.0,0.000181,1.5278874536821954e-14,4637684642.503503,217863.60382184497,7.085860179415699e-05,3.328710668933853e-09,0.4637684642503503,2.1786360382184497e-05,7085860179415699.0,332871066893.3853,18805552.745957
