bias,size,xi_center,xv_center,Fi,Fv,Di,Dv,rho,Zi,Zv,ki,kv,Zi_scaled,Zv_scaled,ki_scaled,kv_scaled,super_saturation_center
0.0,2000.0,5.1236977483739e-12,2.8342811384573e-08,5.1493939830940004e-08,5.1470915481936e-08,1.0,0.000181,2.38732414637843e-13,10050.15173802603,10033.221296812108,2.3992969918956686e-09,2.395255146783785e-09,1.005015173802603e-06,1.0033221296812107e-06,239929699189.56683,239525514678.37845,0.94835183423559
5.0,2000.0,2.2222463140888e-12,6.6981774757268e-08,1.24980486127872e-09,4.0903423123828e-07,1.0,0.000181,2.38732414637843e-13,562.4060903398031,33738.39584484147,1.3426456395385005e-10,8.054448706046374e-09,5.624060903398031e-08,3.3738395844841473e-06,13426456395.385004,805444870604.6373,1478.4911030277
10.0,2000.0,1.2873609472967e-12,1.1649698584992e-07,1.61740434159808e-10,8.1589632064772e-07,1.0,0.000181,2.38732414637843e-13,125.63720726455392,38693.82925086023,2.999367385862211e-11,9.237471288642263e-09,1.2563720726455393e-08,3.869382925086023e-06,2999367385.8622108,923747128864.2262,2956.3376872538
20.0,2000.0,6.7540768758114e-13,2.2242495034082e-07,1.99101038996832e-11,1.6310557961216402e-06,1.0,0.000181,2.38732414637843e-13,29.47864566213026,40514.1508442029,7.037508259173733e-12,9.672041058038364e-09,2.9478645662130258e-09,4.05141508442029e-06,703750825.9173732,967204105803.8363,5910.6328690617
30.0,2000.0,4.5433956786349e-13,3.3049302245191e-07,6.4003544901624e-12,2.4461236941435597e-06,1.0,0.000181,2.38732414637843e-13,14.087160667647238,40891.92397313309,3.3630618815786735e-12,9.762227749293162e-09,1.4087160667647239e-09,4.089192397313309e-06,336306188.1578673,976222774929.316,8864.401597123
40.0,2000.0,3.4164358705452e-13,4.3925491715898e-07,3.0585482154116797e-12,3.26228526056896e-06,1.0,0.000181,2.38732414637843e-13,8.952453174318158,41032.38180993056,2.1372407632371964e-12,9.79575958782663e-09,8.952453174318159e-10,4.1032381809930555e-06,213724076.32371962,979575958782.6628,11820.740095374
50.0,2000.0,2.7354063886672e-13,5.4833701495405e-07,1.80355910023884e-12,4.079288087556e-06,1.0,0.000181,2.38732414637843e-13,6.59338629795921,41101.55366413548,1.5740550315518709e-12,9.812273151605947e-09,6.59338629795921e-10,4.110155366413548e-06,157405503.15518707,981227315160.5946,14779.07407314
