bias,size,xi_center,xv_center,Fi,Fv,Di,Dv,rho,Zi,Zv,ki,kv,Zi_scaled,Zv_scaled,ki_scaled,kv_scaled,super_saturation_center
0.0,250.0,2.1114967990622e-10,1.1666093797988e-06,9.96212066908375e-06,9.96211994051625e-06,1.0,0.000181,1.2223099629457562e-10,47180.37305814683,47178.89093042221,5.766904004447041e-06,5.766722842498624e-06,4.718037305814684e-06,4.7178890930422215e-06,576690400444704.0,576672284249862.4,0.98817938897264
5.0,250.0,9.9481270948796e-11,2.4994135052971e-06,8.64152712311125e-06,1.217043844405e-05,1.0,0.000181,1.2223099629457562e-10,86865.86973299859,26902.30778584133,1.0617701801459238e-05,3.2882958832867045e-06,8.68658697329986e-06,2.690230778584133e-06,1061770180145923.8,328829588328670.44,52697.114157083
10.0,250.0,5.8751099935107e-11,4.2241407103681e-06,7.730745964701875e-06,1.4788568103224373e-05,1.0,0.000181,1.2223099629457562e-10,131584.70178840568,19342.34717841371,1.6083729196721453e-05,2.3642343662930815e-06,1.3158470178840569e-05,1.934234717841371e-06,1608372919672145.2,236423436629308.12,105393.21616269
20.0,250.0,3.1040200806272e-11,7.9705540321691e-06,6.58708947796e-06,2.0702734159520625e-05,1.0,0.000181,1.2223099629457562e-10,212211.56135784433,14350.288107457416,2.5938830569996776e-05,1.75405001248872e-06,2.1221156135784432e-05,1.4350288107457417e-06,2593883056999677.5,175405001248872.0,210785.43810905
30.0,250.0,2.0913234992152e-11,1.1814115882968e-05,5.88843821452225e-06,2.7061905162258122e-05,1.0,0.000181,1.2223099629457562e-10,281565.1532023608,12655.478384533159,3.441598919775938e-05,1.5468917315259542e-06,2.815651532023608e-05,1.2655478384533158e-06,3441598919775937.5,154689173152595.4,316177.65265419
40.0,250.0,1.574068745964e-11,1.5685050670412e-05,5.40634741441625e-06,3.363763703392625e-05,1.0,0.000181,1.2223099629457562e-10,343463.23362803727,11848.434693331963,4.198185323691158e-05,1.4482459770971803e-06,3.434632336280373e-05,1.1848434693331964e-06,4198185323691158.0,144824597709718.0,421569.87963043
50.0,250.0,1.2612108994177e-11,1.9567277863039e-05,5.047242401395e-06,4.033635446870875e-05,1.0,0.000181,1.2223099629457562e-10,400190.1984612809,11389.054148451005,4.891564666524631e-05,1.3920954354180358e-06,4.001901984612809e-05,1.1389054148451006e-06,4891564666524630.0,139209543541803.56,526962.10007702
