bias,size,xi_center,xv_center,Fi,Fv,Di,Dv,rho,Zi,Zv,ki,kv,Zi_scaled,Zv_scaled,ki_scaled,kv_scaled,super_saturation_center
0.0,5000.0,7.2068479897824e-12,3.416157475393e-08,2.2492218388968e-05,2.23293289388655e-05,1.0,0.000181,1.5278874536821954e-14,3120950.8540844247,3611263.7990022395,4.768461653514324e-08,5.517604650432223e-08,0.0003120950854084425,0.00036112637990022393,4768461653514.324,5517604650432.223,-152.84499915203
5.0,5000.0,3.512987180881e-13,7.0130814885506e-07,1.540404284860125e-05,4.1300272389495e-05,1.0,0.000181,1.5278874536821954e-14,43848844.46045194,325360.97130336537,6.699609930958655e-07,4.971149459722648e-09,0.004384884446045194,3.253609713033654e-05,66996099309586.55,497114945972.2647,18901.818161069
10.0,5000.0,1.7605288740105e-13,1.399329255543e-06,1.276069598002525e-05,6.454268474013251e-05,1.0,0.000181,1.5278874536821954e-14,72482173.78540504,254828.81676435663,1.1074460394233289e-06,3.893497519709396e-09,0.007248217378540504,2.5482881676435664e-05,110744603942332.88,389349751970.9395,37793.421288021
20.0,5000.0,9.3256311637367e-14,2.6416419802371e-06,1.0469858450755999e-05,0.0001096126791214925,1.0,0.000181,1.5278874536821954e-14,112269703.43271455,229249.42774383232,1.7153547130346547e-06,3.502673244136244e-09,0.011226970343271456,2.2924942774383232e-05,171535471303465.47,350267324413.6244,71381.804108
30.0,5000.0,5.8704635381762e-14,4.1963872457362e-06,9.0660300822275e-06,0.0001644424113138475,1.0,0.000181,1.5278874536821954e-14,154434654.49142504,216500.8985745744,2.3595877101119302e-06,3.3078900664301374e-09,0.015443465449142504,2.165008985745744e-05,235958771011193.0,330789006643.01373,113407.10569552
40.0,5000.0,4.4030453350969e-14,5.5949074829529e-06,8.25524175399475e-06,0.00021542166212091748,1.0,0.000181,1.5278874536821954e-14,187489365.33066776,212724.6844512062,2.8646264898756486e-06,3.2501937646150194e-09,0.018748936533066776,2.127246844512062e-05,286462648987564.8,325019376461.5019,151207.14110215
50.0,5000.0,3.5224457111808e-14,6.9935972392443e-06,7.67209405192725e-06,0.0002666324501163,1.0,0.000181,1.5278874536821954e-14,217805884.91611978,210636.58784063114,3.3278287890148754e-06,3.21828999848128e-09,0.02178058849161198,2.1063658784063113e-05,332782878901487.5,321828999848.128,189010.88186443
