bias,size,xi_center,xv_center,Fi,Fv,Di,Dv,rho,Zi,Zv,ki,kv,Zi_scaled,Zv_scaled,ki_scaled,kv_scaled,super_saturation_center
0.0,5000.0,1.6646977742861e-10,8.9645988387744e-07,6.90077192482525e-07,9.84125615243925e-08,1.0,0.000181,1.5278874536821954e-14,4145.360215781284,606.514378730822,6.333643864685542e-11,9.266857097406744e-12,4.145360215781284e-07,6.06514378730822e-08,6333643864.685541,926685709.7406744,-628.72009060694
5.0,5000.0,5.098250181145e-13,0.00029227884311533,4.9334241153725e-11,0.00504418989413025,1.0,0.000181,1.5278874536821954e-14,96.76700711192869,95348.85302239172,1.478490960966916e-12,1.4568231625589998e-09,9.676700711192869e-09,9.534885302239172e-06,147849096.0966916,145682316255.89996,7899352.064933
10.0,5000.0,2.4025844708238e-13,0.00062018095878996,3.6708999798362505e-11,0.0111010566388175,1.0,0.000181,1.5278874536821954e-14,152.7896323486004,98893.40161944959,2.3344536231814185e-12,1.5109798758631153e-09,1.527896323486004e-08,9.889340161944959e-06,233445362.31814182,151097987586.31152,16761611.65933
20.0,5000.0,1.2008974446286e-13,0.0012407305647296,2.8481591948234998e-11,0.02221265914894025,1.0,0.000181,1.5278874536821954e-14,237.16922769407228,98910.97812827448,3.623678873932689e-12,1.5112484251362462e-09,2.371692276940723e-08,9.891097812827449e-06,362367887.3932689,151124842513.6246,33533240.574332
30.0,5000.0,7.9962255545415e-14,0.0018633409655562,2.458839512251875e-11,0.03338283151122,1.0,0.000181,1.5278874536821954e-14,307.50001928789567,98981.09719071566,4.698254214770089e-12,1.5123197654939245e-09,3.075000192878957e-08,9.898109719071567e-06,469825421.4770088,151231976549.39243,50360554.696642
40.0,5000.0,5.9941396794038e-14,0.0024856898911395,2.21745467682905e-11,0.0445455551851575,1.0,0.000181,1.5278874536821954e-14,369.93710447695247,99009.95316200965,5.652222605818552e-12,1.5127606522589635e-09,3.699371044769525e-08,9.900995316200965e-06,565222260.5818552,151276065225.89633,67180798.918149
50.0,5000.0,4.7999734028998e-14,0.0031040776421645,2.04900461183385e-11,0.05559567232015,1.0,0.000181,1.5278874536821954e-14,426.8783261582217,98953.19834666872,6.52222038786003e-12,1.511893502556009e-09,4.268783261582217e-08,9.895319834666873e-06,652222038.786003,151189350255.6009,83893983.161422
