bias,size,xi_center,xv_center,Fi,Fv,Di,Dv,rho,Zi,Zv,ki,kv,Zi_scaled,Zv_scaled,ki_scaled,kv_scaled,super_saturation_center
0.0,4000.0,5.1846898261555e-12,2.8672173160347e-08,5.0148014730444796e-08,4.99212353575648e-08,1.0,0.000181,2.9841551829730376e-14,9672.326872373396,9619.359112051128,2.886372436760246e-10,2.870566035110629e-10,9.672326872373396e-07,9.619359112051128e-07,28863724367.60246,28705660351.10629,0.74264833018094
5.0,4000.0,7.0814404985829e-13,2.1158578560235e-07,6.22250019889104e-12,3.03393807841184e-06,1.0,0.000181,2.9841551829730376e-14,8.787054272554085,79221.24250117144,2.622193355050765e-13,2.3640848141143464e-09,8.787054272554086e-10,7.922124250117144e-06,26221933.550507646,236408481411.43463,5612.7942577522
10.0,4000.0,3.5812736263538e-13,4.1786837375961e-07,1.94287719529168e-12,6.081181627563521e-06,1.0,0.000181,2.9841551829730376e-14,5.425101229334941,80402.56372549188,1.6189343951673262e-13,2.3993372726574655e-09,5.425101229334941e-10,8.040256372549188e-06,16189343.95167326,239933727265.74652,11240.264041788
20.0,4000.0,1.8336136050407e-13,8.1523896731551e-07,8.53320007185152e-13,1.176376747920304e-05,1.0,0.000181,2.9841551829730376e-14,4.6537613204839365,79722.87034665397,1.3887545964841587e-13,2.3790541674645493e-09,4.6537613204839365e-10,7.972287034665397e-06,13887545.964841586,237905416746.4549,22006.105976348
30.0,4000.0,1.1979779987526e-13,1.2470767327437e-06,5.51800172796128e-13,1.82167302561264e-05,1.0,0.000181,2.9841551829730376e-14,4.606096049933241,80704.67189352927,1.3745305400679915e-13,2.408352649212138e-09,4.6060960499332406e-10,8.070467189352928e-06,13745305.400679914,240835264921.21378,33686.888282327
40.0,4000.0,9.1462645810266e-14,1.6328845023336e-06,4.39212035848576e-13,2.36180617905744e-05,1.0,0.000181,2.9841551829730376e-14,4.802091957406263,79911.67106014598,1.4330187603807037e-13,2.3846882737417113e-09,4.802091957406263e-10,7.991167106014598e-06,14330187.603807036,238468827374.1711,44118.356320229
50.0,4000.0,7.1768426771825e-14,2.0804322786411e-06,3.5802749563849596e-13,3.0422707668291203e-05,1.0,0.000181,2.9841551829730376e-14,4.988649072339023,80791.5064390611,1.4886902985254133e-13,2.410943926803237e-09,4.988649072339024e-10,8.07915064390611e-06,14886902.985254131,241094392680.3237,56217.182918809
