x,Ci_Center,Cv_center,Ji,Jv,Di,Dv,Zi,Zv,rho,rho,ki,kv
5.0,1.2224692401238e-15,4.4097538438047e-11,1.306668001997775e-15,1.3736703881765749e-15,1.0,0.000181,1.0688759758613215,0.17210346495550702,0.0019098593171027443,0.0019098593171027443,0.002041402741326033,0.0003286934060509407
50.0,1.2548275293623e-13,7.6495018856467e-10,1.3051340123688751e-12,1.37041145517135e-12,1.0,0.000181,10.400903565067152,9.897813112090573,1.909859317102744e-06,1.909859317102744e-06,1.9864262580030647e-05,1.8903430591067886e-05
250.0,2.4396529039877e-12,1.4384550081755e-08,1.1957225660493126e-10,1.2773232738489377e-10,1.0,0.000181,49.01199527583867,49.05982197593925,1.5278874536821954e-08,1.5278874536821954e-08,7.488481266188494e-07,7.495788647691963e-07
500.0,4.0261480703697e-12,2.5757897861451e-08,3.04349831687075e-10,3.6966317062895004e-10,1.0,0.000181,75.59330316908294,79.28977629546814,1.909859317102744e-09,1.909859317102744e-09,1.4437257436804546e-07,1.5143231800889214e-07
1000.0,3.8912331740086e-12,3.5390833932717e-08,2.7201335391588e-10,7.916429885327901e-10,1.0,0.000181,69.90415165371913,123.58335994581272,2.38732414637843e-10,2.38732414637843e-10,1.6688386917502334e-08,2.9503353928921564e-08
2000.0,2.2222463140888e-12,6.6981774757268e-08,1.24980486127872e-11,4.0903423123828e-09,1.0,0.000181,5.62406090339803,337.3839584484147,2.984155182973038e-11,2.984155182973038e-11,1.6783070494231257e-10,1.0068060882557968e-08
3000.0,1.1815095203075e-12,1.2699638210639e-07,3.6994052424943804e-13,1.3364866692252899e-08,1.0,0.000181,0.3131083735602547,581.4263467503889,8.841941282883075e-12,8.841941282883075e-12,2.768485854198792e-12,5.140937618288154e-09
4000.0,7.0814404985829e-13,2.1158578560235e-07,6.22250019889104e-14,3.03393807841184e-08,1.0,0.000181,0.08787054272554086,792.2124250117143,3.730193978716297e-12,3.730193978716297e-12,3.2777416938134566e-13,2.955106017642933e-09
5000.0,4.7932647867451e-13,3.1211729887112e-07,3.1686127924157504e-14,5.5313816937225005e-08,1.0,0.000181,0.0661055237586284,979.1229119741736,1.909859317102744e-12,1.909859317102744e-12,1.2625225046237324e-13,1.869987016022645e-09
