size,xi_center,xv_center,Fi,Fv,Di,Dv,rho,Zi,Zv,ki,kv,Zi_scaled,Zv_scaled,ki_scaled,kv_scaled,super_saturation_center
500.0,3.1752418577632e-12,7.9968965803164e-08,1.680322865217475e-07,3.9388172777265e-07,1.0,0.000181,1.5278874536821952e-11,52919.52362964814,27212.33319118692,8.085507620857786e-07,4.157738246823407e-07,5.291952362964814e-06,2.7212333191186923e-06,80855076208577.84,41577382468234.06,1687.1944083335
500.0,3.0939330410682e-11,7.970529830408e-06,3.0648458226217504e-05,5.88820760178125e-05,1.0,0.000181,1.5278874536821952e-11,990598.6270354426,40814.7694114249,1.5135232138822611e-05,6.236037410864795e-07,9.905986270354426e-05,4.08147694114249e-06,1513523213882261.0,62360374108647.945,210799.84603452
