bias,size,xi_center,xv_center,Fi,Fv,Di,Dv,rho,Zi,Zv,ki,kv,Zi_scaled,Zv_scaled,ki_scaled,kv_scaled,super_saturation_center
0.0,1000.0,6.6687484068484e-12,3.6879957891471e-08,8.9642956999583e-07,8.9642364749574e-07,1.0,0.000181,1.909859317102744e-12,134422.46060373957,134290.19771571917,2.5672798881192857e-07,2.564753853029359e-07,1.3442246060373958e-05,1.3429019771571917e-05,25672798881192.855,25647538530293.586,0.9741632832229
5.0,1000.0,4.4762020588293e-12,5.5839803346692e-08,8.1128549173129e-07,1.0364337468361e-06,1.0,0.000181,1.909859317102744e-12,181244.1621421068,102546.08638008822,3.461508517375831e-07,1.958485985054343e-07,1.812441621421068e-05,1.0254608638008823e-05,34615085173758.305,19584859850543.426,840.79473598956
10.0,1000.0,3.1557396744672e-12,7.9502485410742e-08,7.4503355511515e-07,1.1946906223480999e-06,1.0,0.000181,1.909859317102744e-12,236088.407780638,83022.57019834657,4.5089564525980345e-07,1.5856142922312881e-07,2.36088407780638e-05,8.302257019834658e-06,45089564525980.34,15856142922312.88,1677.4989077015
20.0,1000.0,1.8652799162428e-12,1.3406971994155e-07,6.5160925498201e-07,1.5490487458358e-06,1.0,0.000181,1.909859317102744e-12,349335.90894740075,63834.55091473923,6.671824405017492e-07,1.219150118175842e-07,3.493359089474008e-05,6.383455091473923e-06,66718244050174.91,12191501181758.42,3344.9812443151
30.0,1000.0,1.2873023332299e-12,1.9351917867389e-07,5.885026872451901e-07,1.9390332905211e-06,1.0,0.000181,1.909859317102744e-12,457159.6524404723,55358.291520574676,8.731106216168882e-07,1.0572654883945938e-07,4.5715965244047226e-05,5.535829152057468e-06,87311062161688.81,10572654883945.938,5038.0273266753
40.0,1000.0,9.7831169581756e-13,2.5399941482067e-07,5.4337872949947e-07,2.3444478760987e-06,1.0,0.000181,1.909859317102744e-12,555424.9548712353,50995.1989685601,1.0607835250122e-06,9.739365587761275e-08,5.554249548712353e-05,5.09951989685601e-06,106078352501219.98,9739365587761.273,6718.7669683027
50.0,1000.0,7.8856192499317e-13,3.1459995613569e-07,5.091661131534e-07,2.7577291490937e-06,1.0,0.000181,1.909859317102744e-12,645689.4468469424,48429.98973704578,1.23317600601555e-06,9.249446712648715e-08,6.456894468469425e-05,4.842998973704578e-06,123317600601554.98,9249446712648.713,8384.9529842566
