bias,size,xi_center,xv_center,Fi,Fv,Di,Dv,rho,Zi,Zv,ki,kv,Zi_scaled,Zv_scaled,ki_scaled,kv_scaled,super_saturation_center
0.0,1000.0,2.1188429585815e-10,1.1626088900315e-06,0.00015941680751611,0.00015937097762044,1.0,0.000181,1.909859317102744e-12,752376.7010219324,757350.6845996203,1.4369336524177633e-06,1.4464332612967265e-06,7.523767010219324e-05,7.573506845996203e-05,143693365241776.3,144643326129672.62,-216.82645400071
5.0,1000.0,7.9186905251501e-12,3.1111230230002e-05,0.00010396183448194,0.00032908311448275003,1.0,0.000181,1.909859317102744e-12,13128664.916472333,58439.95048112971,2.5073903011844603e-05,1.1161208391740856e-07,0.0013128664916472333,5.8439950481129714e-06,2507390301184460.0,11161208391740.855,839661.63671871
10.0,1000.0,3.9633701469486e-12,6.2157119376017e-05,8.542177483298801e-05,0.00053566610745727,1.0,0.000181,1.909859317102744e-12,21552812.799671073,47612.90880883229,4.1162840335223075e-05,9.093395750291167e-08,0.0021552812799671074,4.761290880883229e-06,4116284033522307.0,9093395750291.166,1679330.3325238
20.0,1000.0,1.982082484665e-12,0.00012428714992327,6.88073007269e-05,0.00096932894561589,1.0,0.000181,1.909859317102744e-12,34714650.50483477,43088.99626888643,6.630009870662416e-05,8.229392098873813e-08,0.003471465050483477,4.308899626888643e-06,6630009870662415.0,8229392098873.8125,3358816.1943597
30.0,1000.0,1.3212205706736e-12,0.00018645331126413,6.0341077161369e-05,0.001411303985347,1.0,0.000181,1.909859317102744e-12,45670706.69404217,41818.83139906739,8.72246246982831e-05,7.986808477785764e-08,0.004567070669404217,4.181883139906739e-06,8722462469828309.0,7986808477785.764,5039081.3973776
40.0,1000.0,9.9104681505139e-13,0.00024857073463045,5.491225107216599e-05,0.0018560289143020998,1.0,0.000181,1.909859317102744e-12,55408332.11730624,41253.05985509244,0.00010582211933936054,7.878754072324548e-08,0.005540833211730625,4.125305985509244e-06,1.0582211933936054e+16,7878754072324.547,6717979.9792888
50.0,1000.0,7.9287514524414e-13,0.00031069810366946,5.1016107622409e-05,0.0023023389232173,1.0,0.000181,1.909859317102744e-12,64343179.28669621,40940.39969324794,0.00012288642045270906,7.819040380005991e-08,0.006434317928669621,4.0940399693247945e-06,1.2288642045270904e+16,7819040380005.99,8397127.652535
