bias,size,xi_center,xv_center,Fi,Fv,Di,Dv,rho,Zi,Zv,ki,kv,Zi_scaled,Zv_scaled,ki_scaled,kv_scaled,super_saturation_center
0.0,50.0,1.2548623386454e-13,7.3028472884709e-10,1.305177783541475e-10,1.305150719417325e-10,1.0,0.000181,1.5278874536821954e-08,1040.0963861505236,987.3926114719781,1.589150219019577e-05,1.5086247829265338e-05,1.0400963861505237e-07,9.873926114719781e-08,1589150219019577.0,1508624782926533.8,0.99974646211462
5.0,50.0,1.2548275293623e-13,7.6495018856467e-10,1.305134012368875e-10,1.37041145517135e-10,1.0,0.000181,1.5278874536821954e-08,1040.0903565067151,989.7813112090572,1.589141006402452e-05,1.512274447285431e-05,1.0400903565067152e-07,9.897813112090572e-08,1589141006402451.8,1512274447285431.0,1.9371705530798
10.0,50.0,1.2547928144072e-13,7.9961570412769e-10,1.3050904127726748e-10,1.435672374032475e-10,1.0,0.000181,1.5278874536821954e-08,1040.0843850777362,991.9629552415037,1.5891318827310345e-05,1.5156077538310066e-05,1.0400843850777362e-07,9.919629552415038e-08,1589131882731034.2,1515607753831006.5,2.8745947448695
20.0,50.0,1.2547231524347e-13,8.6894660616188e-10,1.30500280944795e-10,1.56619380426395e-10,1.0,0.000181,1.5278874536821954e-08,1040.0723115020917,995.8039288130013,1.589113435666286e-05,1.5214763291608227e-05,1.0400723115020917e-07,9.958039288130014e-08,1589113435666286.0,1521476329160822.5,4.7494431046482
30.0,50.0,1.2546534372727e-13,9.3827746857053e-10,1.3049151115214998e-10,1.696715108099925e-10,1.0,0.000181,1.5278874536821954e-08,1040.060205277129,999.0772381668837,1.589094938717054e-05,1.5264775774546404e-05,1.040060205277129e-07,9.990772381668837e-08,1589094938717053.8,1526477577454640.2,6.6242911876952
40.0,50.0,1.2545838035968e-13,1.0076083854285e-09,1.30482754604735e-10,1.8272365720273e-10,1.0,0.000181,1.5278874536821954e-08,1040.0481357295582,1001.9001256540454,1.589076497806749e-05,1.530790631829431e-05,1.0400481357295583e-07,1.0019001256540454e-07,1589076497806748.8,1530790631829430.8,8.4991395255903
50.0,50.0,1.2545141644798e-13,1.0769392973648e-09,1.304739972387525e-10,1.9577580230366999e-10,1.0,0.000181,1.5278874536821954e-08,1040.0360628279966,1004.3595488787465,1.5890580517719235e-05,1.5345483537177464e-05,1.0400360628279967e-07,1.0043595488787466e-07,1589058051771923.2,1534548353717746.2,10.373987811713
