bias,size,xi_center,xv_center,Fi,Fv,Di,Dv,rho,Zi,Zv,ki,kv,Zi_scaled,Zv_scaled,ki_scaled,kv_scaled,super_saturation_center
0.0,250.0,1.5966257574991e-10,8.8215041186869e-07,2.856983895875437e-07,2.8569808472295e-07,1.0,0.000181,1.2223099629457562e-10,1789.3885792939475,1789.3121578770258,2.187187488052344e-07,2.1870940773930584e-07,1.7893885792939475e-07,1.789312157877026e-07,21871874880523.438,21870940773930.582,0.99280249693492
5.0,250.0,1.0114403317849e-10,1.4276556901208e-06,6.289859527446876e-08,8.789201524904375e-07,1.0,0.000181,1.2223099629457562e-10,621.8715360447502,3401.3190143119664,7.60119774179879e-08,4.1574661183503556e-07,6.218715360447502e-08,3.4013190143119666e-07,7601197741798.79,41574661183503.555,23482.40208054
10.0,250.0,6.9280313998608e-11,2.1204256195991e-06,1.6759761425875625e-08,1.6488037845840626e-06,1.0,0.000181,1.2223099629457562e-10,241.91231907829354,4296.030518731358,2.956918377687109e-08,5.251080904164364e-07,2.4191231907829355e-08,4.296030518731358e-07,2956918377687.109,52510809041643.64,46963.823077322
20.0,250.0,4.028534576233e-11,3.6978574884905e-06,2.6511212209596874e-09,3.2667400788874376e-06,1.0,0.000181,1.2223099629457562e-10,65.8085755698961,4880.741830866866,8.04384775663527e-09,5.965779366434681e-07,6.580857556989611e-09,4.880741830866866e-07,804384775663.527,59657793664346.805,93926.662633186
30.0,250.0,2.7868787929477e-11,5.3668828548722e-06,7.824158087231875e-10,4.896916483968125e-06,1.0,0.000181,1.2223099629457562e-10,28.074985202195364,5041.061624753505,3.4316334122198068e-09,6.16173984775973e-07,2.8074985202195367e-09,5.041061624753505e-07,343163341221.98065,61617398477597.3,140889.50407681
40.0,250.0,2.1189708008219e-11,7.0676067230976e-06,3.2126089896072497e-10,6.528500027826251e-06,1.0,0.000181,1.2223099629457562e-10,15.161176304841732,5103.43350166044,1.8531656847385173e-09,6.237977614310703e-07,1.5161176304841731e-09,5.10343350166044e-07,185316568473.8517,62379776143107.02,187852.33819209
50.0,250.0,1.7058694602568e-11,8.7824082699904e-06,1.6102264336035626e-10,8.16038439246875e-06,1.0,0.000181,1.2223099629457562e-10,9.439329744265194,5133.557363477369,1.1537786789945564e-09,6.274798310731937e-07,9.439329744265194e-10,5.13355736347737e-07,115377867899.45563,62747983107319.37,234815.17131039
