x,Ci_Center,Cv_center,Ji,Jv,Di,Dv,Zi,Zv,rho,rho,ki,kv
5.0,1.2223308050301e-12,7.1278893552619e-09,1.3064678231591e-12,1.3717958260991e-12,1.0,0.000181,1.0688332632890882,1.0632856497752743,0.0019098593171027443,0.0019098593171027443,0.0020413211663219957,0.002030726004964953
50.0,8.823750004683e-11,5.2222152135382e-07,8.470266867805e-10,9.123306413052e-10,1.0,0.000181,9.599395793522712,9.652035725422792,1.909859317102744e-06,1.909859317102744e-06,1.833349549481624e-05,1.843403035920726e-05
250.0,1.0114403317849e-10,1.4276556901208e-06,6.289859527446875e-10,8.789201524904375e-09,1.0,0.000181,6.218715360447502,34.013190143119665,1.5278874536821954e-08,1.5278874536821954e-08,9.501497177248488e-08,5.196832647937945e-07
500.0,4.0521711019118e-11,3.6972459357058e-06,3.1255072037712498e-12,6.52104551682375e-08,1.0,0.000181,0.0771316690525888,97.44516975627954,1.909859317102744e-09,1.909859317102744e-09,1.473106367837721e-10,1.8610656536568903e-07
1000.0,1.0737940303003e-11,1.3908928441139e-05,1.2018276962796998e-13,5.192889602654801e-07,1.0,0.000181,0.011192348461311464,206.27036745595072,2.38732414637843e-10,2.38732414637843e-10,2.671976373637033e-12,4.924342289099427e-08
2000.0,2.7392741572829e-12,5.4420858702213e-05,1.38135611168292e-13,4.0482175060568e-06,1.0,0.000181,0.050427815266694376,410.9792294400152,2.984155182973038e-11,2.984155182973038e-11,1.5048442629411291e-12,1.2264257976276866e-08
3000.0,1.2731703493483e-12,0.00011705255793795,2.26451306666754e-13,1.2786927237189e-05,1.0,0.000181,0.17786410654526164,603.5409057249997,8.841941282883075e-12,8.841941282883075e-12,1.5726639864056626e-12,5.336473250238517e-09
4000.0,7.4162018968097e-13,0.00020093163367558,3.41963022414192e-13,2.88141227509232e-05,1.0,0.000181,0.46110263335912904,792.2796696346646,3.730193978716297e-12,3.730193978716297e-12,1.7200022665264517e-12,2.9553568531305633e-09
5000.0,5.098250181145e-13,0.00029227884311533,4.9334241153725e-13,5.04418989413025e-05,1.0,0.000181,0.9676700711192869,953.4885302239172,1.909859317102744e-12,1.909859317102744e-12,1.848113701208645e-12,1.8210289531987498e-09
