bias,size,xi_center,xv_center,Fi,Fv,Di,Dv,rho,Zi,Zv,ki,kv,Zi_scaled,Zv_scaled,ki_scaled,kv_scaled,super_saturation_center
0.0,3000.0,6.6724970327584e-12,3.6907142468975e-08,8.067803994760229e-06,8.0678823543531e-06,1.0,0.000181,7.07355302630646e-14,1209113.1633557298,1207731.9639925868,8.5527260758019e-08,8.542956088866807e-08,0.00012091131633557298,0.00012077319639925869,8552726075801.898,8542956088866.806,1.1491345566969
5.0,3000.0,9.249420937773e-13,2.6655200764168e-07,6.19555888786941e-06,1.19616503489055e-05,1.0,0.000181,7.07355302630646e-14,6698320.824137046,247930.85072122607,4.738092753674618e-07,1.7537520194338637e-08,0.0006698320824137046,2.479308507212261e-05,47380927536746.17,1753752019433.8635,7065.9954142701
10.0,3000.0,4.5577893990523e-13,5.4071459412917e-07,5.23748885533938e-06,1.7028293999547598e-05,1.0,0.000181,7.07355302630646e-14,11491291.93294541,173990.07423631116,8.128426282845701e-07,1.2307280161615444e-08,0.001149129193294541,1.7399007423631118e-05,81284262828457.0,1230728016161.5442,14545.850768624
20.0,3000.0,2.2946100854826e-13,1.0738004181971e-06,4.30080688980504e-06,2.78171894762352e-05,1.0,0.000181,7.07355302630646e-14,18743083.70304447,143123.55173133046,1.325801964499855e-06,1.0123920324848816e-08,0.0018743083703044471,1.4312355173133047e-05,132580196449985.48,1012392032484.8815,28987.369670767
30.0,3000.0,1.5211351919463e-13,1.6196969674517e-06,3.7872659417001296e-06,3.92335239426579e-05,1.0,0.000181,7.07355302630646e-14,24897628.83504328,133827.37953087452,1.7611469779397536e-06,9.466350654832806e-09,0.0024897628835043283,1.3382737953087452e-05,176114697793975.34,946635065483.2805,43752.880034278
40.0,3000.0,1.1417737122759e-13,2.1577756346623e-06,3.45567106377747e-06,5.06948777146359e-05,1.0,0.000181,7.07355302630646e-14,30265813.852810405,129801.35321727475,2.14086839172175e-06,9.181567548687275e-09,0.0030265813852810406,1.2980135321727476e-05,214086839172174.97,918156754868.7274,58301.211363692
50.0,3000.0,9.1340851441214e-14,2.6971933725555e-06,3.21479115975441e-06,6.226835469675659e-05,1.0,0.000181,7.07355302630646e-14,35195546.23183489,127548.90420487408,2.489575625607046e-06,9.022239373404598e-09,0.003519554623183489,1.2754890420487409e-05,248957562560704.56,902223937340.4597,72883.479107228
