bias,size,xi_center,xv_center,Fi,Fv,Di,Dv,rho,Zi,Zv,ki,kv,Zi_scaled,Zv_scaled,ki_scaled,kv_scaled,super_saturation_center
0.0,1000.0,4.9293825345719e-12,2.7272991675493e-08,4.7576944341361e-08,4.7587518451465994e-08,1.0,0.000181,1.909859317102744e-12,9651.704652191878,9640.10364946267,1.8433398055912557e-08,1.8411241772762444e-08,9.651704652191878e-07,9.64010364946267e-07,1843339805591.2556,1841124177276.2441,1.0495682682275
5.0,1000.0,3.8912331740086e-12,3.5390833932717e-08,2.7201335391587998e-08,7.916429885327901e-08,1.0,0.000181,1.909859317102744e-12,6990.415165371913,12358.335994581272,1.3350709534001866e-08,2.360268314313725e-08,6.990415165371913e-07,1.2358335994581272e-06,1335070953400.1865,2360268314313.7246,375.4677867423
10.0,1000.0,3.1222334643496e-12,4.4985777524534e-08,1.5402193356127e-08,1.1925826238922e-07,1.0,0.000181,1.909859317102744e-12,4933.069077630767,14646.52749872809,9.421467939824562e-09,2.7972807006647392e-08,4.933069077630768e-07,1.464652749872809e-06,942146793982.456,2797280700664.739,749.61807788429
20.0,1000.0,2.1449514903195e-12,6.7281139316976e-08,5.4638249515569e-09,2.1315153954864e-07,1.0,0.000181,1.909859317102744e-12,2547.295347338153,17503.16399426254,4.8649757525262424e-09,3.342858083321959e-08,2.547295347338153e-07,1.7503163994262542e-06,486497575252.6242,3342858083321.959,1498.1237458643
30.0,1000.0,1.5938842446083e-12,9.194039912258e-08,2.3214475865671003e-09,3.1389461339305e-07,1.0,0.000181,1.909859317102744e-12,1456.4718827104036,18862.48482644559,2.7816563952926394e-09,3.602469238949625e-08,1.4564718827104038e-07,1.8862484826445592e-06,278165639529.2639,3602469238949.6245,2246.8759140778
40.0,1000.0,1.2554220007258e-12,1.1776351709847e-07,1.1464798570131e-09,4.1654235562678004e-07,1.0,0.000181,1.909859317102744e-12,913.2226903386136,19542.0367705146,1.7441268637328352e-09,3.732254100133173e-08,9.132226903386136e-08,1.95420367705146e-06,174412686373.2835,3732254100133.173,2995.3374039266
50.0,1000.0,1.0312775981918e-12,1.4412882398716e-07,6.345915810147701e-10,5.1933890433119e-07,1.0,0.000181,1.909859317102744e-12,615.3450653126151,19907.716133121135,1.1752225062204945e-09,3.802093713907801e-08,6.153450653126151e-08,1.9907716133121138e-06,117522250622.04944,3802093713907.8003,3741.3826405082
