bias,size,xi_center,xv_center,Fi,Fv,Di,Dv,rho,Zi,Zv,ki,kv,Zi_scaled,Zv_scaled,ki_scaled,kv_scaled,super_saturation_center
0.0,4000.0,1.643853839887e-10,9.0805735717438e-07,2.89559545089584e-07,2.85707226562752e-07,1.0,0.000181,2.9841551829730376e-14,1761.4677051184099,1738.318567614409,5.256492981868725e-11,5.187412363204805e-11,1.76146770511841e-07,1.738318567614409e-07,5256492981.868725,5187412363.204804,-4.0320053964948
5.0,4000.0,7.4162018968097e-13,0.00020093163367558,3.41963022414192e-11,0.00288141227509232,1.0,0.000181,2.9841551829730376e-14,46.110263335912904,79227.96696346646,1.3760018132211612e-12,2.3642854825044502e-09,4.611026333591291e-09,7.922796696346647e-06,137600181.3221161,236428548250.445,5430473.9547692
10.0,4000.0,3.6030771002234e-13,0.00041354724032256,2.5672503173888e-11,0.0060287165105089606,1.0,0.000181,2.9841551829730376e-14,71.25160650127702,80541.7683332425,2.126258508359412e-12,2.4034913541745927e-09,7.125160650127703e-09,8.05417683332425e-06,212625850.83594117,240349135417.45926,11176898.63979
20.0,4000.0,1.8006796974393e-13,0.00082744895991773,1.97721977557792e-11,0.0120655644793768,1.0,0.000181,2.9841551829730376e-14,109.80408000321619,80561.55782799431,3.2767241445318367e-12,2.404081903407913e-09,1.0980408000321618e-08,8.056155782799431e-06,327672414.45318365,240408190340.7913,22363458.515326
30.0,4000.0,1.2016220241046e-13,0.0012399396978597,1.70321828357024e-11,0.0180703046665328,1.0,0.000181,2.9841551829730376e-14,141.74326447115592,80516.7683206604,4.2298389732311796e-12,2.40274531500338e-09,1.4174326447115594e-08,8.05167683206604e-06,422983897.3231179,240274531500.33798,33511865.783245
40.0,4000.0,9.0118429178203e-14,0.0016532911290252,1.5331289672488e-11,0.024094619332844798,1.0,0.000181,2.9841551829730376e-14,170.1238005621628,80517.84800076959,5.076758211946495e-12,2.402777534333318e-09,1.7012380056216282e-08,8.05178480007696e-06,507675821.19464946,240277753433.3318,44683530.57117
50.0,4000.0,7.2126923618643e-14,0.0020656741524709,1.414107542169872e-11,0.0300969080942224,1.0,0.000181,2.9841551829730376e-14,196.058208394786,80497.33303298255,5.850681187457085e-12,2.402165335858816e-09,1.96058208394786e-08,8.049733303298255e-06,585068118.7457085,240216533585.88156,55829020.377827
