bias,size,xi_center,xv_center,Fi,Fv,Di,Dv,rho,Zi,Zv,ki,kv,Zi_scaled,Zv_scaled,ki_scaled,kv_scaled,super_saturation_center
0.0,500.0,2.1115705337079e-10,1.1666222369838e-06,3.98485217925575e-05,3.9848440203297495e-05,1.0,0.000181,1.5278874536821952e-11,188715.08745002156,188713.29657165703,2.8833541443542625e-06,2.88332678174842e-06,1.8871508745002156e-05,1.8871329657165704e-05,288335414435426.25,288332678174842.0,0.23466078529446
5.0,500.0,3.0939330410682e-11,7.970529830408e-06,3.0648458226217504e-05,5.88820760178125e-05,1.0,0.000181,1.5278874536821952e-11,990598.6270354426,40814.7694114249,1.5135232138822611e-05,6.236037410864795e-07,9.905986270354426e-05,4.08147694114249e-06,1513523213882261.0,62360374108647.945,210799.84603452
10.0,500.0,1.5727837401079e-11,1.5671512172212e-05,2.6095012900747497e-05,8.252139141672999e-05,1.0,0.000181,1.5278874536821952e-11,1659160.9027543266,29092.23338406413,2.5350111269583604e-05,4.4449658387105897e-07,0.00016591609027543267,2.909223338406413e-06,2535011126958360.0,44449658387105.89,421205.89305201
20.0,500.0,7.8945701398004e-12,3.1212815794131e-05,2.143256674940575e-05,0.0001342853251663975,1.0,0.000181,1.5278874536821952e-11,2714849.113994652,23769.33496615202,4.147983899912653e-05,3.6316868677153175e-07,0.0002714849113994652,2.376933496615202e-06,4147983899912652.5,36316868677153.17,842410.79417617
30.0,500.0,5.2666479558296e-12,4.6782877941166e-05,1.890803939584775e-05,0.000188187177054375,1.0,0.000181,1.5278874536821952e-11,3590146.8171835234,22224.117161602207,5.4853402788517714e-05,3.395594978037517e-07,0.00035901468171835234,2.2224117161602208e-06,5485340278851771.0,33955949780375.168,1263615.687531
40.0,500.0,3.950877996383e-12,6.2360189378965e-05,1.725194658355125e-05,0.0002429574631365175,1.0,0.000181,1.5278874536821952e-11,4366610.8139368715,21525.053716744875,6.671689877727144e-05,3.28878595136498e-07,0.00043666108139368717,2.1525053716744875e-06,6671689877727144.0,32887859513649.797,1684820.5763172
50.0,500.0,3.1610127955049e-12,7.7940406596259e-05,1.6050569198550002e-05,0.000298182465043825,1.0,0.000181,1.5278874536821952e-11,5077666.633103992,21136.8788782128,7.758103142700304e-05,3.229477204802153e-07,0.0005077666633103992,2.11368788782128e-06,7758103142700303.0,32294772048021.523,2106025.4712748
