size,xi_center,xv_center,Fi,Fv,Di,Dv,rho,Zi,Zv,ki,kv,Zi_scaled,Zv_scaled,ki_scaled,kv_scaled,super_saturation_center
5.0,2.8195423092563e-15,5.2590920296231e-11,5.619881718492499e-13,5.6236809587655e-13,1.0,0.000181,1.5278874536821953e-05,199.31893556067385,59.078754223459406,0.003045369009244435,0.0009026568735719763,1.9931893556067387e-08,5.907875422345941e-09,3.0453690092444346e+17,9.026568735719762e+16,1.000360499382
50.0,2.820190690645e-13,1.5950949879284e-09,5.639715359849e-10,5.6396540721175e-10,1.0,0.000181,1.5278874536821954e-08,1999.7638381534948,1953.3827155441504,3.055414078642077e-05,2.9845489433195642e-05,1.999763838153495e-07,1.9533827155441504e-07,3055414078642076.5,2984548943319564.0,0.99942119613901
250.0,4.5608790664819e-12,2.5235206321805e-08,5.212586812146688e-08,5.212583357304187e-08,1.0,0.000181,1.2223099629457562e-10,11428.90819108583,11412.152812138673,1.396966834755657e-06,1.3949188080936528e-06,1.142890819108583e-06,1.1412152812138674e-06,139696683475565.69,139491880809365.27,0.99944419365348
