bias,size,xi_center,xv_center,Fi,Fv,Di,Dv,rho,Zi,Zv,ki,kv,Zi_scaled,Zv_scaled,ki_scaled,kv_scaled,super_saturation_center
0.0,4000.0,6.6714007283119e-12,3.6913227172392e-08,1.4342650548244e-05,1.4343014459682561e-05,1.0,0.000181,2.9841551829730376e-14,2149870.9390034196,2146741.9643457276,6.415548505350165e-08,6.406211159408023e-08,0.00021498709390034196,0.00021467419643457278,6415548505350.165,6406211159408.022,1.4772868285744
5.0,4000.0,5.333381083305e-13,4.6200947778068e-07,1.035710475281424e-05,2.3885830432880002e-05,1.0,0.000181,2.9841551829730376e-14,19419397.5473362,285634.6467776524,5.795049584109721e-07,8.523781116182042e-09,0.00194193975473362,2.8563464677765237e-05,57950495841097.21,852378111618.2041,12407.104281017
10.0,4000.0,2.6453190762581e-13,9.3136342413902e-07,8.642157699959519e-06,3.59663137504576e-05,1.0,0.000181,2.9841551829730376e-14,32669623.024017826,213352.7155976486,9.749122487289808e-07,6.366776120520955e-09,0.003266962302401783,2.133527155976486e-05,97491224872898.08,636677612052.0955,25132.484375323
20.0,4000.0,1.3540067686963e-13,1.8194852097425e-06,7.06632197479312e-06,6.07819473439872e-05,1.0,0.000181,2.9841551829730376e-14,52188232.27595014,184564.21738457555,1.5573778383647739e-06,5.5076826589954355e-09,0.005218823227595014,1.8456421738457556e-05,155737783836477.38,550768265899.5435,49155.057829854
30.0,4000.0,9.0489497463954e-14,2.7224603861428e-06,6.21938983759456e-06,8.66531277521968e-05,1.0,0.000181,2.9841551829730376e-14,68730515.82667945,175850.699096902,2.051025250325959e-06,5.247657751394522e-09,0.006873051582667946,1.75850699096902e-05,205102525032595.88,524765775139.4521,73566.498491022
40.0,4000.0,6.7479731175567e-14,3.6507450312712e-06,5.6590742626528e-06,0.00011338378043920799,1.0,0.000181,2.9841551829730376e-14,83863319.60821195,171589.5579717724,2.5026115987017006e-06,5.1204986876551704e-09,0.008386331960821196,1.7158955797177238e-05,250261159870170.03,512049868765.51697,98658.708515591
50.0,4000.0,5.4063627061033e-14,4.5566617105467e-06,5.2633578014712e-06,0.0001397692001524544,1.0,0.000181,2.9841551829730376e-14,97354877.71712652,169467.38089352704,2.9052206292726937e-06,5.0571696303828465e-09,0.009735487771712651,1.6946738089352705e-05,290522062927269.3,505716963038.2846,123144.9463912
