time,average_xi,average_xv,left_jix,left_jvx,right_jix,right_jvx,total_ci,total_cv,xDi,xDv
0,0,0,0,0,0,0,0,0,0,0
25.958682112,9.1821104522406e-17,3.7367618006925e-11,-1.6816692299918e-17,-2.9280968049898e-16,2.5370907078757e-18,2.6123438735644e-17,4.5910552261203e-15,1.8683809003463e-09,1,0.000181
186.68799962237,4.1330059855835e-16,3.7367133090764e-11,-6.0801784168658e-17,-2.6035426645878e-16,1.7380174895552e-17,2.5695816282934e-17,2.0665029927918e-14,1.8683566545382e-09,1,0.000181
1181.8815689988,7.7466624755017e-16,3.736754776016e-11,-9.7669176272894e-17,-6.6906375206278e-17,5.1837405294722e-17,2.3606783091554e-17,3.8733312377508e-14,1.868377388008e-09,1,0.000181
7343.8578398454,7.7893357827071e-16,3.7382206296044e-11,-9.8083377188517e-17,-3.2375490463617e-17,5.2246322046716e-17,1.6783883942607e-17,3.8946678913536e-14,1.8691103148022e-09,1,0.000181
45497.190750011,7.7895018389482e-16,3.7492109309095e-11,-9.8086063358512e-17,-2.1373305442291e-17,5.2246807360676e-17,7.3709421736097e-18,3.8947509194741e-14,1.8746054654548e-09,1,0.000181
281732.57176583,7.7900580899715e-16,3.8195066532728e-11,-9.8097013106998e-17,-3.4513033136886e-17,5.2249615769022e-17,5.9399595300653e-18,3.8950290449858e-14,1.9097533266364e-09,1,0.000181
1744439.784661,7.7900039979617e-16,4.0775043203136e-11,-9.8088544987642e-17,-9.279469416788e-17,5.2250950055612e-17,3.7979324266965e-17,3.8950019989808e-14,2.0387521601568e-09,1,0.000181
10801137.310052,7.7912414418497e-16,4.2169674912798e-11,-9.8095827682781e-17,-1.1779023268421e-16,5.2266719595007e-17,6.2795212233115e-17,3.8956207209249e-14,2.1084837456399e-09,1,0.000181
