time,average_xi,average_xv,left_jix,left_jvx,right_jix,right_jvx,total_ci,total_cv,xDi,xDv
0,0,0,0,0,0,0,0,0,0,0
25.958682112,1.7120814756458e-14,3.5817346358891e-05,-3.6746731420649e-15,7.7951632039195e-09,3.6746785623172e-15,-7.7957508439364e-09,8.560407378229e-10,1.7908673179445,1,1
186.68799962237,1.0058927911693e-13,3.5817373000358e-05,-8.8638215606196e-15,2.9233969241953e-09,8.8638217772627e-15,-2.9234311949992e-09,5.0294639558465e-09,1.7908686500179,1,1
1181.8815689988,2.4888767440092e-13,3.5817433308672e-05,-1.2984061625204e-14,1.1628924069084e-09,1.298406163536e-14,-1.1628945961837e-09,1.2444383720046e-08,1.7908716654336,1,1
7343.8578398454,2.591623480992e-13,3.5817557630148e-05,-1.2949268104896e-14,4.670961052772e-10,1.2949268105659e-14,-4.6709624700275e-10,1.295811740496e-08,1.7908778815074,1,1
45497.190750011,2.5916367003795e-13,3.5817714910582e-05,-1.2947980089321e-14,1.8901562520018e-10,1.2947980089371e-14,-1.8901563439557e-10,1.2958183501898e-08,1.7908857455291,1,1
281732.57176583,2.5916755568419e-13,3.5817180706403e-05,-1.2947390189312e-14,7.9329543666495e-11,1.2947390189315e-14,-7.9329544262806e-11,1.295837778421e-08,1.7908590353202,1,1
473480.23429884,2.5917344533868e-13,3.5816368615504e-05,-1.3113004477726e-14,6.2348129046749e-11,1.3113004477728e-14,-6.2348129304247e-11,1.2958672266934e-08,1.7908184307752,1,1
