time,average_xi,average_xv,left_jix,left_jvx,right_jix,right_jvx,total_ci,total_cv,xDi,xDv
0,0,0,0,0,0,0,0,0,0,0
25.958682112,2.1706617390591e-16,3.7367826693708e-11,-5.2392492411354e-17,-2.929202687078e-16,5.0187604424245e-17,2.6193089416919e-17,1.0853308695295e-14,1.8683913346854e-09,1,0.000181
186.68799962237,1.0052626949735e-15,3.7368632611416e-11,-1.3822539997075e-16,-2.6140550743933e-16,1.3488858994203e-16,2.6182266288179e-17,5.0263134748674e-14,1.8684316305708e-09,1,0.000181
1181.8815689988,1.8733049781481e-15,3.7376975927188e-11,-2.238775909736e-16,-7.0636928728008e-17,2.2274815840271e-16,2.7131717709895e-17,9.3665248907406e-14,1.8688487963594e-09,1,0.000181
7343.8578398454,1.882638037517e-15,3.7439289687029e-11,-2.2479531637415e-16,-4.3070082804883e-17,2.2479538221381e-16,3.0733961392058e-17,9.413190187585e-14,1.8719644843514e-09,1,0.000181
45497.190750011,1.8825549243218e-15,3.7821391642956e-11,-2.247953117994e-16,-4.9470376407159e-17,2.247953364899e-16,4.4045402103475e-17,9.4127746216088e-14,1.8910695821478e-09,1,0.000181
281732.57176583,1.8824482683145e-15,3.9874932549095e-11,-2.2479525944686e-16,-9.8415443555052e-17,2.2479526061893e-16,9.8197261108525e-17,9.4122413415725e-14,1.9937466274548e-09,1,0.000181
1744439.784661,1.8826347549083e-15,4.6809538658514e-11,-2.2479526744356e-16,-2.2592510225597e-16,2.2479526742643e-16,2.2592506548745e-16,9.4131737745414e-14,2.3404769329257e-09,1,0.000181
10801137.310052,1.8826601192444e-15,5.0533118559765e-11,-2.2479526234626e-16,-2.9243479900614e-16,2.2479526234541e-16,2.9243479900499e-16,9.413300596222e-14,2.5266559279882e-09,1,0.000181
