x,Ci,Cv,Ji,Cv,Di,Dv,Zi,Zv,rho,rho,ki,kv
500.0,6.396366621492e-12,3.5377798403183e-08,7.5088530424054e-15,7.5089512041685e-15,1.0,0.000181,0.00117392474302136,0.001172654040884071,1.5278874536821944e+19,1.5278874536821944e+19,1.7936248864294302e+16,1.7916833965764992e+16
500.0,6.5409092721885e-12,3.6174187725313e-08,8.9608972525256e-15,8.96085888808e-15,1.0,0.000181,0.0013699773043216977,0.0013685865746283843,1.5278874536821944e+19,1.5278874536821944e+19,2.0931711351024756e+16,2.0910462566525988e+16
