time,average_xi,average_xv,left_jix,left_jvx,right_jix,right_jvx,total_ci,total_cv,xDi,xDv
0,0,0,0,0,0,0,0,0,0,0
25.958682112,3.9104431564706e-12,4.0905232144288e-11,-2.2127486610904e-17,1.4697710632506e-16,5.1927333883526e-21,-2.8834323263098e-17,1.1731329469412e-08,1.2271569643286e-07,1,0.000181
186.68799962237,2.8121583300906e-11,6.5112625705588e-11,-7.1564417898294e-17,1.3805793652953e-16,-1.4583497639341e-22,-3.9315315750934e-17,8.4364749902718e-08,1.9533787711676e-07,1,0.000181
1181.8815689988,1.7782478825281e-10,2.1479649960012e-10,-3.4513885888345e-16,9.5577952159831e-17,-1.8833637320882e-22,-4.0112279740163e-17,5.3347436475844e-07,6.4438949880035e-07,1,0.000181
7343.8578398454,1.0624510184491e-09,1.0994520819071e-09,-8.6047650286427e-15,2.7519944688042e-17,5.3756840536033e-24,2.8656264341688e-18,3.1873530553473e-06,3.2983562457212e-06,1,0.000181
45497.190750011,3.4348476096648e-09,3.4844396465599e-09,-2.2297161366383e-12,-3.8468862205062e-18,3.0565059269348e-19,3.8534431426866e-19,1.0304542828994e-05,1.045331893968e-05,1,0.000181
281732.57176583,4.1081952651096e-09,4.9595947681849e-09,-1.1144970956419e-11,2.7557538593262e-17,2.0020071213067e-15,1.0270983860971e-19,1.2324585795329e-05,1.4878784304555e-05,1,0.000181
