time,average_xi,average_xv,left_jix,left_jvx,right_jix,right_jvx,total_ci,total_cv,xDi,xDv
0,0,0,0,0,0,0,0,0,0,0
25.958682112,2.3630377977818e-14,7.4817271254209e-06,-5.0304994432213e-15,-5.57342861545e-10,5.030501377202e-15,5.5727012964978e-10,2.3630377977818e-10,0.074817271254209,1,0.37505908844327
186.68799962237,1.6455208760379e-13,7.4817172971484e-06,-1.3571587605496e-14,-2.0923653244747e-10,1.3571588099185e-14,2.0923539615968e-10,1.6455208760379e-09,0.074817172971484,1,0.37505908844327
1181.8815689988,8.681797614807e-13,7.4816935997739e-06,-3.0671710043965e-14,-8.3237341289331e-11,3.0671710068861e-14,8.3237291472769e-11,8.681797614807e-09,0.074816935997739,1,0.37505908844327
7343.8578398454,2.2620758481827e-12,7.481632789177e-06,-4.5887501022993e-14,-3.3397253181821e-11,4.588750102394e-14,3.339725019143e-11,2.2620758481827e-08,0.07481632789177,1,0.37505908844327
45497.190750011,2.3987954441884e-12,7.4814675803423e-06,-4.6645241495075e-14,-1.3385831965278e-11,4.6645241495179e-14,1.3385831773712e-11,2.3987954441884e-08,0.074814675803423,1,0.37505908844327
281732.57176583,2.398986923627e-12,7.4809931447762e-06,-4.6650288815482e-14,-5.2584884481881e-12,4.665028881549e-14,5.2584884354806e-12,2.398986923627e-08,0.074809931447762,1,0.37505908844329
495262.2526044,2.3990888906201e-12,7.4806759690565e-06,-4.6991297040078e-14,-3.7957390734734e-12,4.6991297040081e-14,3.7957390683904e-12,2.3990888906201e-08,0.074806759690565,1,0.37505908844331
