time,average_xi,average_xv,left_jix,left_jvx,right_jix,right_jvx,total_ci,total_cv
0,0,0,0,0,0,0,0,0
25.958682112,2.1806996720076e-16,8.7061036236182e-09,-5.3663720629541e-17,-4.2335332826262e-13,5.3830363073005e-17,4.2335842625368e-13,1.0903498360038e-14,4.3530518118091e-07
186.68799962237,1.0055156934544e-15,8.70397982228e-09,-1.3827634135555e-16,-2.4443533942797e-13,1.3826729772189e-16,2.4449421769362e-13,5.0275784672721e-14,4.35198991114e-07
1181.8815689988,1.8730069105661e-15,8.6984469074618e-09,-2.2385919409432e-16,-8.9141399820703e-14,2.2385979056959e-16,9.8389078328585e-14,9.3650345528306e-14,4.3492234537309e-07
7343.8578398454,1.8824447298004e-15,8.6851959193966e-09,-2.2477577139404e-16,-3.5512955226518e-14,2.2477784232209e-16,3.9475202464399e-14,9.4122236490021e-14,4.3425979596983e-07
45497.190750011,1.8825000831991e-15,8.6539243669313e-09,-2.2365063006353e-16,-1.2534769035488e-14,2.2365062859909e-16,1.2659062673945e-14,9.4125004159956e-14,4.3269621834657e-07
281732.57176583,1.8825112566125e-15,8.6309897997411e-09,-2.2478037641528e-16,-2.3170678369038e-16,2.2478037641625e-16,2.3170865614354e-16,9.4125562830623e-14,4.3154948998705e-07
651753.17886633,1.882511257105e-15,8.6310189871101e-09,-2.2478037468644e-16,-2.4746981707842e-16,2.2478037468644e-16,2.4746981881653e-16,9.4125562855248e-14,4.315509493555e-07
