time,average_xi,average_xv,left_jix,left_jvx,right_jix,right_jvx,total_ci,total_cv,xDi,xDv
0,0,0,0,0,0,0,0,0,0,0
25.958682112,2.3457758332941e-13,3.7880624111367e-11,-4.7753134085069e-14,-2.0041395323156e-16,4.7753205961332e-14,2.004086855287e-16,1.172887916647e-08,1.8940312055683e-06,1,0.00018100000000004
186.68799962237,1.6863630350069e-12,3.9405748131094e-11,-1.3841944368881e-13,-1.0853334742965e-15,1.3841944784505e-13,1.0853287613328e-15,8.4318151750347e-08,1.9702874065547e-06,1,0.00018100000000004
1181.8815689988,1.0666856291448e-11,4.8848824976968e-11,-3.4986213727451e-13,-4.0293839970876e-15,3.4986213753915e-13,4.0293829803613e-15,5.3334281457241e-07,2.4424412488484e-06,1,0.00018100000000004
