time,average_xi,average_xv,left_jix,left_jvx,right_jix,right_jvx,total_ci,total_cv
0,0,0,0,0,0,0,0,0
25.958682112,2.1808484723435e-16,3.7534460460543e-11,-5.2560480457347e-17,-1.4546718072365e-16,5.2757119103816e-17,1.4546786670786e-16,1.0904242361717e-14,1.8767230230272e-09
186.68799962237,1.0055791474967e-15,3.753496772981e-11,-1.371512541809e-16,-1.464367169363e-16,1.3717121466842e-16,1.4643737079163e-16,5.0278957374834e-14,1.8767483864905e-09
1181.8815689988,1.8729136702402e-15,3.7538298280156e-11,-2.2274993533014e-16,-1.1927085624104e-16,2.2275014353501e-16,1.1927072121895e-16,9.3645683512009e-14,1.8769149140078e-09
7343.8578398454,1.8823115028172e-15,3.7572644105986e-11,-2.2479537335219e-16,-6.5955498377255e-17,2.2479557569731e-16,6.6136785727905e-17,9.411557514086e-14,1.8786322052993e-09
45497.190750011,1.882487239482e-15,3.7838383661186e-11,-2.2479529505734e-16,-4.4485581848592e-17,2.2479539127925e-16,5.0592914731413e-17,9.4124361974101e-14,1.8919191830593e-09
281732.57176583,1.8824626439874e-15,3.9356227235927e-11,-2.2479527763184e-16,-7.8345359320419e-17,2.2479528610486e-16,8.0662295551137e-17,9.4123132199368e-14,1.9678113617963e-09
1744439.784661,1.8826404414008e-15,4.4593266355732e-11,-2.2479527172204e-16,-1.7462712043168e-16,2.2479527045703e-16,1.7464323108379e-16,9.4132022070041e-14,2.2296633177866e-09
10801137.310052,1.882660187592e-15,4.7409945502423e-11,-2.2479526873973e-16,-2.2494724076247e-16,2.247952687397e-16,2.2494723835062e-16,9.41330093796e-14,2.3704972751211e-09
